{
    "input_stats": {
        "image": {
            "band_names": [
                "red",
                "green",
                "blue"
            ],
            "mean": [
                116.94474029541016,
                103.55889129638672,
                76.77427673339844
            ],
            "std": [
                61.655845642089844,
                49.64897537231445,
                45.88066864013672
            ],
            "var": [
                3801.443115234375,
                2465.020751953125,
                2105.035888671875
            ],
            "min": [
                0.0,
                0.0,
                0.0
            ],
            "max": [
                255.0,
                255.0,
                255.0
            ],
            "count": 816.0,
            "histograms": [
                [
                    259556.0,
                    27348.0,
                    0.0,
                    28711.0,
                    0.0,
                    35739.0,
                    0.0,
                    44634.0,
                    0.0,
                    52279.0,
                    0.0,
                    57539.0,
                    0.0,
                    65169.0,
                    0.0,
                    74733.0,
                    0.0,
                    84784.0,
                    0.0,
                    98165.0,
                    0.0,
                    111602.0,
                    0.0,
                    125581.0,
                    0.0,
                    142231.0,
                    0.0,
                    160531.0,
                    0.0,
                    177745.0,
                    0.0,
                    197836.0,
                    0.0,
                    218586.0,
                    0.0,
                    241261.0,
                    0.0,
                    267103.0,
                    0.0,
                    295460.0,
                    0.0,
                    328019.0,
                    0.0,
                    364213.0,
                    0.0,
                    401831.0,
                    0.0,
                    440378.0,
                    0.0,
                    487686.0,
                    534537.0,
                    0.0,
                    579807.0,
                    0.0,
                    629843.0,
                    0.0,
                    680061.0,
                    0.0,
                    733562.0,
                    0.0,
                    783715.0,
                    0.0,
                    837407.0,
                    0.0,
                    894169.0,
                    0.0,
                    945784.0,
                    0.0,
                    995226.0,
                    0.0,
                    1039079.0,
                    0.0,
                    1080747.0,
                    0.0,
                    1120491.0,
                    0.0,
                    1160660.0,
                    0.0,
                    1205686.0,
                    0.0,
                    1247365.0,
                    0.0,
                    1285299.0,
                    0.0,
                    1321536.0,
                    0.0,
                    1355667.0,
                    0.0,
                    1381117.0,
                    0.0,
                    1383826.0,
                    0.0,
                    1388771.0,
                    0.0,
                    1389388.0,
                    0.0,
                    1388413.0,
                    0.0,
                    1385651.0,
                    0.0,
                    1390228.0,
                    1388675.0,
                    0.0,
                    1379696.0,
                    0.0,
                    1377389.0,
                    0.0,
                    1381111.0,
                    0.0,
                    1378572.0,
                    0.0,
                    1379773.0,
                    0.0,
                    1385394.0,
                    0.0,
                    1397243.0,
                    0.0,
                    1404825.0,
                    0.0,
                    1406873.0,
                    0.0,
                    1420825.0,
                    0.0,
                    1430877.0,
                    0.0,
                    1433554.0,
                    0.0,
                    1436615.0,
                    0.0,
                    1447853.0,
                    0.0,
                    1451854.0,
                    0.0,
                    1449877.0,
                    0.0,
                    1447144.0,
                    0.0,
                    1454083.0,
                    0.0,
                    1460870.0,
                    0.0,
                    1452759.0,
                    0.0,
                    1444269.0,
                    0.0,
                    1433267.0,
                    0.0,
                    1433959.0,
                    0.0,
                    1418605.0,
                    1408075.0,
                    0.0,
                    1411281.0,
                    0.0,
                    1409281.0,
                    0.0,
                    1397116.0,
                    0.0,
                    1395056.0,
                    0.0,
                    1399375.0,
                    0.0,
                    1385679.0,
                    0.0,
                    1376302.0,
                    0.0,
                    1374855.0,
                    0.0,
                    1372896.0,
                    0.0,
                    1363198.0,
                    0.0,
                    1352931.0,
                    0.0,
                    1349253.0,
                    0.0,
                    1337980.0,
                    0.0,
                    1327207.0,
                    0.0,
                    1315483.0,
                    0.0,
                    1305798.0,
                    0.0,
                    1297904.0,
                    0.0,
                    1288891.0,
                    0.0,
                    1276113.0,
                    0.0,
                    1264359.0,
                    0.0,
                    1256911.0,
                    0.0,
                    1244987.0,
                    0.0,
                    1235290.0,
                    0.0,
                    1229843.0,
                    0.0,
                    1224158.0,
                    1213196.0,
                    0.0,
                    1202786.0,
                    0.0,
                    1197602.0,
                    0.0,
                    1188961.0,
                    0.0,
                    1178294.0,
                    0.0,
                    1167304.0,
                    0.0,
                    1162162.0,
                    0.0,
                    1151977.0,
                    0.0,
                    1144782.0,
                    0.0,
                    1132842.0,
                    0.0,
                    1129419.0,
                    0.0,
                    1121171.0,
                    0.0,
                    1113041.0,
                    0.0,
                    1102981.0,
                    0.0,
                    1102971.0,
                    0.0,
                    1093830.0,
                    0.0,
                    1084372.0,
                    0.0,
                    1077811.0,
                    0.0,
                    1079743.0,
                    0.0,
                    1069908.0,
                    0.0,
                    1057896.0,
                    0.0,
                    1057402.0,
                    0.0,
                    1051522.0,
                    0.0,
                    1038514.0,
                    0.0,
                    1025483.0,
                    1015897.0,
                    0.0,
                    1005704.0,
                    0.0,
                    989496.0,
                    0.0,
                    970419.0,
                    0.0,
                    956771.0,
                    0.0,
                    943670.0,
                    0.0,
                    929275.0,
                    0.0,
                    904997.0,
                    0.0,
                    893275.0,
                    0.0,
                    878152.0,
                    0.0,
                    858743.0,
                    0.0,
                    844124.0,
                    0.0,
                    834359.0,
                    0.0,
                    818354.0,
                    0.0,
                    805669.0,
                    0.0,
                    794171.0,
                    0.0,
                    782033.0,
                    0.0,
                    778200.0,
                    0.0,
                    766397.0,
                    0.0,
                    752915.0,
                    0.0,
                    742238.0,
                    0.0,
                    736571.0,
                    0.0,
                    722451.0,
                    0.0,
                    713650.0,
                    0.0,
                    704802.0,
                    0.0,
                    698083.0,
                    684001.0,
                    0.0,
                    678966.0,
                    0.0,
                    670809.0,
                    0.0,
                    662739.0,
                    0.0,
                    653311.0,
                    0.0,
                    644545.0,
                    0.0,
                    639463.0,
                    0.0,
                    633123.0,
                    0.0,
                    626200.0,
                    0.0,
                    620764.0,
                    0.0,
                    613523.0,
                    0.0,
                    611422.0,
                    0.0,
                    602101.0,
                    0.0,
                    599222.0,
                    0.0,
                    599723.0,
                    0.0,
                    594421.0,
                    0.0,
                    587911.0,
                    0.0,
                    586304.0,
                    0.0,
                    586516.0,
                    0.0,
                    584986.0,
                    0.0,
                    579528.0,
                    0.0,
                    578198.0,
                    0.0,
                    579619.0,
                    0.0,
                    576009.0,
                    0.0,
                    576381.0,
                    575548.0,
                    0.0,
                    576702.0,
                    0.0,
                    579772.0,
                    0.0,
                    584832.0,
                    0.0,
                    585571.0,
                    0.0,
                    597752.0,
                    0.0,
                    601151.0,
                    0.0,
                    614295.0,
                    0.0,
                    630235.0,
                    0.0,
                    655328.0,
                    0.0,
                    654304.0,
                    0.0,
                    669829.0,
                    0.0,
                    693588.0,
                    0.0,
                    691296.0,
                    0.0,
                    713117.0,
                    0.0,
                    737662.0,
                    0.0,
                    756422.0,
                    0.0,
                    764616.0,
                    0.0,
                    779746.0,
                    0.0,
                    786086.0,
                    0.0,
                    811581.0,
                    0.0,
                    824128.0,
                    0.0,
                    842172.0,
                    0.0,
                    877504.0,
                    0.0,
                    897412.0,
                    0.0,
                    894523.0,
                    917979.0,
                    0.0,
                    924453.0,
                    0.0,
                    940503.0,
                    0.0,
                    936552.0,
                    0.0,
                    927111.0,
                    0.0,
                    943620.0,
                    0.0,
                    929816.0,
                    0.0,
                    907315.0,
                    0.0,
                    882491.0,
                    0.0,
                    883957.0,
                    0.0,
                    867118.0,
                    0.0,
                    827225.0,
                    0.0,
                    839092.0,
                    0.0,
                    831801.0,
                    0.0,
                    794831.0,
                    0.0,
                    757419.0,
                    0.0,
                    744014.0,
                    0.0,
                    719416.0,
                    0.0,
                    725079.0,
                    0.0,
                    726811.0,
                    0.0,
                    701238.0,
                    0.0,
                    630217.0,
                    0.0,
                    580840.0,
                    0.0,
                    536643.0,
                    0.0,
                    503966.0,
                    488392.0,
                    0.0,
                    468984.0,
                    0.0,
                    468750.0,
                    0.0,
                    430767.0,
                    0.0,
                    389625.0,
                    0.0,
                    339614.0,
                    0.0,
                    302720.0,
                    0.0,
                    269722.0,
                    0.0,
                    237708.0,
                    0.0,
                    228281.0,
                    0.0,
                    211049.0,
                    0.0,
                    204765.0,
                    0.0,
                    197538.0,
                    0.0,
                    185970.0,
                    0.0,
                    173770.0,
                    0.0,
                    164690.0,
                    0.0,
                    148037.0,
                    0.0,
                    128728.0,
                    0.0,
                    112914.0,
                    0.0,
                    100275.0,
                    0.0,
                    91913.0,
                    0.0,
                    85378.0,
                    0.0,
                    83588.0,
                    0.0,
                    81417.0,
                    0.0,
                    76974.0,
                    1684146.0
                ],
                [
                    224129.0,
                    15454.0,
                    0.0,
                    14792.0,
                    0.0,
                    16308.0,
                    0.0,
                    18564.0,
                    0.0,
                    21041.0,
                    0.0,
                    24704.0,
                    0.0,
                    29230.0,
                    0.0,
                    34364.0,
                    0.0,
                    40553.0,
                    0.0,
                    49767.0,
                    0.0,
                    54714.0,
                    0.0,
                    62449.0,
                    0.0,
                    70689.0,
                    0.0,
                    78759.0,
                    0.0,
                    88905.0,
                    0.0,
                    100497.0,
                    0.0,
                    111706.0,
                    0.0,
                    125552.0,
                    0.0,
                    141867.0,
                    0.0,
                    157609.0,
                    0.0,
                    172984.0,
                    0.0,
                    189491.0,
                    0.0,
                    211158.0,
                    0.0,
                    232718.0,
                    0.0,
                    256878.0,
                    285396.0,
                    0.0,
                    320876.0,
                    0.0,
                    352921.0,
                    0.0,
                    388842.0,
                    0.0,
                    427449.0,
                    0.0,
                    471174.0,
                    0.0,
                    513976.0,
                    0.0,
                    566310.0,
                    0.0,
                    614010.0,
                    0.0,
                    675749.0,
                    0.0,
                    740252.0,
                    0.0,
                    801869.0,
                    0.0,
                    863426.0,
                    0.0,
                    944257.0,
                    0.0,
                    1016392.0,
                    0.0,
                    1068938.0,
                    0.0,
                    1140421.0,
                    0.0,
                    1213962.0,
                    0.0,
                    1284393.0,
                    0.0,
                    1351536.0,
                    0.0,
                    1402610.0,
                    0.0,
                    1467583.0,
                    0.0,
                    1499805.0,
                    0.0,
                    1538224.0,
                    0.0,
                    1581363.0,
                    0.0,
                    1604622.0,
                    1634816.0,
                    0.0,
                    1666943.0,
                    0.0,
                    1709777.0,
                    0.0,
                    1766747.0,
                    0.0,
                    1817204.0,
                    0.0,
                    1879094.0,
                    0.0,
                    1942935.0,
                    0.0,
                    1992208.0,
                    0.0,
                    2018392.0,
                    0.0,
                    2041098.0,
                    0.0,
                    2066385.0,
                    0.0,
                    2100304.0,
                    0.0,
                    2142967.0,
                    0.0,
                    2184013.0,
                    0.0,
                    2213838.0,
                    0.0,
                    2241891.0,
                    0.0,
                    2256894.0,
                    0.0,
                    2271392.0,
                    0.0,
                    2265858.0,
                    0.0,
                    2258044.0,
                    0.0,
                    2239525.0,
                    0.0,
                    2221785.0,
                    0.0,
                    2203622.0,
                    0.0,
                    2187540.0,
                    0.0,
                    2163421.0,
                    2144697.0,
                    0.0,
                    2131031.0,
                    0.0,
                    2114133.0,
                    0.0,
                    2096602.0,
                    0.0,
                    2090636.0,
                    0.0,
                    2079304.0,
                    0.0,
                    2066054.0,
                    0.0,
                    2051452.0,
                    0.0,
                    2023143.0,
                    0.0,
                    1992277.0,
                    0.0,
                    1955307.0,
                    0.0,
                    1916113.0,
                    0.0,
                    1882043.0,
                    0.0,
                    1832905.0,
                    0.0,
                    1792849.0,
                    0.0,
                    1749515.0,
                    0.0,
                    1700643.0,
                    0.0,
                    1658068.0,
                    0.0,
                    1614459.0,
                    0.0,
                    1574996.0,
                    0.0,
                    1534363.0,
                    0.0,
                    1502152.0,
                    0.0,
                    1468755.0,
                    0.0,
                    1429658.0,
                    0.0,
                    1396694.0,
                    0.0,
                    1364005.0,
                    1328703.0,
                    0.0,
                    1297028.0,
                    0.0,
                    1273352.0,
                    0.0,
                    1244603.0,
                    0.0,
                    1212430.0,
                    0.0,
                    1186396.0,
                    0.0,
                    1165823.0,
                    0.0,
                    1145949.0,
                    0.0,
                    1124935.0,
                    0.0,
                    1103983.0,
                    0.0,
                    1075610.0,
                    0.0,
                    1054459.0,
                    0.0,
                    1031176.0,
                    0.0,
                    1011984.0,
                    0.0,
                    988471.0,
                    0.0,
                    967098.0,
                    0.0,
                    946072.0,
                    0.0,
                    932145.0,
                    0.0,
                    912725.0,
                    0.0,
                    896563.0,
                    0.0,
                    879548.0,
                    0.0,
                    865050.0,
                    0.0,
                    851457.0,
                    0.0,
                    834944.0,
                    0.0,
                    821650.0,
                    808793.0,
                    0.0,
                    801078.0,
                    0.0,
                    786948.0,
                    0.0,
                    774382.0,
                    0.0,
                    763527.0,
                    0.0,
                    748331.0,
                    0.0,
                    739071.0,
                    0.0,
                    728859.0,
                    0.0,
                    715359.0,
                    0.0,
                    703821.0,
                    0.0,
                    694744.0,
                    0.0,
                    683870.0,
                    0.0,
                    675929.0,
                    0.0,
                    666504.0,
                    0.0,
                    661141.0,
                    0.0,
                    651956.0,
                    0.0,
                    647191.0,
                    0.0,
                    642018.0,
                    0.0,
                    637279.0,
                    0.0,
                    636445.0,
                    0.0,
                    635176.0,
                    0.0,
                    637084.0,
                    0.0,
                    636815.0,
                    0.0,
                    642878.0,
                    0.0,
                    653352.0,
                    0.0,
                    659419.0,
                    668797.0,
                    0.0,
                    681468.0,
                    0.0,
                    692844.0,
                    0.0,
                    711254.0,
                    0.0,
                    722426.0,
                    0.0,
                    743114.0,
                    0.0,
                    777854.0,
                    0.0,
                    788826.0,
                    0.0,
                    846509.0,
                    0.0,
                    840379.0,
                    0.0,
                    875857.0,
                    0.0,
                    891470.0,
                    0.0,
                    923632.0,
                    0.0,
                    958589.0,
                    0.0,
                    937852.0,
                    0.0,
                    938005.0,
                    0.0,
                    998551.0,
                    0.0,
                    1007545.0,
                    0.0,
                    1017518.0,
                    0.0,
                    1051619.0,
                    0.0,
                    1047727.0,
                    0.0,
                    1062060.0,
                    0.0,
                    1027592.0,
                    0.0,
                    1016087.0,
                    0.0,
                    1028501.0,
                    998929.0,
                    0.0,
                    933553.0,
                    0.0,
                    907899.0,
                    0.0,
                    849333.0,
                    0.0,
                    805910.0,
                    0.0,
                    743545.0,
                    0.0,
                    688717.0,
                    0.0,
                    653774.0,
                    0.0,
                    622573.0,
                    0.0,
                    578018.0,
                    0.0,
                    567562.0,
                    0.0,
                    558804.0,
                    0.0,
                    544569.0,
                    0.0,
                    563356.0,
                    0.0,
                    611719.0,
                    0.0,
                    605883.0,
                    0.0,
                    570211.0,
                    0.0,
                    613459.0,
                    0.0,
                    590526.0,
                    0.0,
                    539300.0,
                    0.0,
                    520882.0,
                    0.0,
                    478308.0,
                    0.0,
                    483950.0,
                    0.0,
                    428072.0,
                    0.0,
                    451113.0,
                    0.0,
                    444380.0,
                    434581.0,
                    0.0,
                    410758.0,
                    0.0,
                    400285.0,
                    0.0,
                    329523.0,
                    0.0,
                    283746.0,
                    0.0,
                    245208.0,
                    0.0,
                    212690.0,
                    0.0,
                    187701.0,
                    0.0,
                    177327.0,
                    0.0,
                    156885.0,
                    0.0,
                    142579.0,
                    0.0,
                    139403.0,
                    0.0,
                    125810.0,
                    0.0,
                    121713.0,
                    0.0,
                    115240.0,
                    0.0,
                    110488.0,
                    0.0,
                    105755.0,
                    0.0,
                    101445.0,
                    0.0,
                    94253.0,
                    0.0,
                    91355.0,
                    0.0,
                    86574.0,
                    0.0,
                    82318.0,
                    0.0,
                    80479.0,
                    0.0,
                    76548.0,
                    0.0,
                    74318.0,
                    72480.0,
                    0.0,
                    69535.0,
                    0.0,
                    69993.0,
                    0.0,
                    67982.0,
                    0.0,
                    69015.0,
                    0.0,
                    68989.0,
                    0.0,
                    65678.0,
                    0.0,
                    67411.0,
                    0.0,
                    66456.0,
                    0.0,
                    66357.0,
                    0.0,
                    60187.0,
                    0.0,
                    59712.0,
                    0.0,
                    56724.0,
                    0.0,
                    57017.0,
                    0.0,
                    61387.0,
                    0.0,
                    56879.0,
                    0.0,
                    58657.0,
                    0.0,
                    53053.0,
                    0.0,
                    45711.0,
                    0.0,
                    38544.0,
                    0.0,
                    33298.0,
                    0.0,
                    29403.0,
                    0.0,
                    24569.0,
                    0.0,
                    20971.0,
                    0.0,
                    33361.0,
                    24823.0
                ],
                [
                    373449.0,
                    97390.0,
                    0.0,
                    113625.0,
                    0.0,
                    135139.0,
                    0.0,
                    169569.0,
                    0.0,
                    198064.0,
                    0.0,
                    223279.0,
                    0.0,
                    257471.0,
                    0.0,
                    301345.0,
                    0.0,
                    356342.0,
                    0.0,
                    421334.0,
                    0.0,
                    489897.0,
                    0.0,
                    567839.0,
                    0.0,
                    644875.0,
                    0.0,
                    727009.0,
                    0.0,
                    818704.0,
                    0.0,
                    915348.0,
                    0.0,
                    1020166.0,
                    0.0,
                    1131256.0,
                    0.0,
                    1236062.0,
                    0.0,
                    1335719.0,
                    0.0,
                    1425750.0,
                    0.0,
                    1522706.0,
                    0.0,
                    1609611.0,
                    0.0,
                    1680632.0,
                    0.0,
                    1743626.0,
                    1791179.0,
                    0.0,
                    1827483.0,
                    0.0,
                    1852483.0,
                    0.0,
                    1873470.0,
                    0.0,
                    1896563.0,
                    0.0,
                    1927016.0,
                    0.0,
                    1973346.0,
                    0.0,
                    2025614.0,
                    0.0,
                    2088431.0,
                    0.0,
                    2149651.0,
                    0.0,
                    2209800.0,
                    0.0,
                    2272715.0,
                    0.0,
                    2328153.0,
                    0.0,
                    2377203.0,
                    0.0,
                    2418816.0,
                    0.0,
                    2453144.0,
                    0.0,
                    2477251.0,
                    0.0,
                    2485260.0,
                    0.0,
                    2487936.0,
                    0.0,
                    2490329.0,
                    0.0,
                    2499946.0,
                    0.0,
                    2505904.0,
                    0.0,
                    2510598.0,
                    0.0,
                    2518030.0,
                    0.0,
                    2529523.0,
                    0.0,
                    2531749.0,
                    2535231.0,
                    0.0,
                    2528425.0,
                    0.0,
                    2507498.0,
                    0.0,
                    2467215.0,
                    0.0,
                    2410978.0,
                    0.0,
                    2355591.0,
                    0.0,
                    2296002.0,
                    0.0,
                    2247195.0,
                    0.0,
                    2196618.0,
                    0.0,
                    2158184.0,
                    0.0,
                    2115246.0,
                    0.0,
                    2067988.0,
                    0.0,
                    2038156.0,
                    0.0,
                    1997913.0,
                    0.0,
                    1946359.0,
                    0.0,
                    1890449.0,
                    0.0,
                    1835074.0,
                    0.0,
                    1803176.0,
                    0.0,
                    1768185.0,
                    0.0,
                    1721675.0,
                    0.0,
                    1686089.0,
                    0.0,
                    1629033.0,
                    0.0,
                    1561311.0,
                    0.0,
                    1498528.0,
                    0.0,
                    1447134.0,
                    1398880.0,
                    0.0,
                    1354311.0,
                    0.0,
                    1318013.0,
                    0.0,
                    1278856.0,
                    0.0,
                    1247058.0,
                    0.0,
                    1212593.0,
                    0.0,
                    1181809.0,
                    0.0,
                    1154108.0,
                    0.0,
                    1124855.0,
                    0.0,
                    1098602.0,
                    0.0,
                    1072868.0,
                    0.0,
                    1047673.0,
                    0.0,
                    1024864.0,
                    0.0,
                    1002465.0,
                    0.0,
                    983254.0,
                    0.0,
                    962037.0,
                    0.0,
                    945204.0,
                    0.0,
                    927503.0,
                    0.0,
                    905773.0,
                    0.0,
                    890030.0,
                    0.0,
                    875888.0,
                    0.0,
                    855152.0,
                    0.0,
                    839952.0,
                    0.0,
                    824885.0,
                    0.0,
                    808598.0,
                    0.0,
                    792506.0,
                    780758.0,
                    0.0,
                    767469.0,
                    0.0,
                    754191.0,
                    0.0,
                    745031.0,
                    0.0,
                    735776.0,
                    0.0,
                    725529.0,
                    0.0,
                    719453.0,
                    0.0,
                    714504.0,
                    0.0,
                    712180.0,
                    0.0,
                    708359.0,
                    0.0,
                    710494.0,
                    0.0,
                    717384.0,
                    0.0,
                    725516.0,
                    0.0,
                    738591.0,
                    0.0,
                    752706.0,
                    0.0,
                    771066.0,
                    0.0,
                    790875.0,
                    0.0,
                    810755.0,
                    0.0,
                    828383.0,
                    0.0,
                    847423.0,
                    0.0,
                    864211.0,
                    0.0,
                    880430.0,
                    0.0,
                    889544.0,
                    0.0,
                    899664.0,
                    0.0,
                    905349.0,
                    912908.0,
                    0.0,
                    917138.0,
                    0.0,
                    925094.0,
                    0.0,
                    929047.0,
                    0.0,
                    935718.0,
                    0.0,
                    940637.0,
                    0.0,
                    941528.0,
                    0.0,
                    936714.0,
                    0.0,
                    936850.0,
                    0.0,
                    944524.0,
                    0.0,
                    950885.0,
                    0.0,
                    956177.0,
                    0.0,
                    948884.0,
                    0.0,
                    926308.0,
                    0.0,
                    894780.0,
                    0.0,
                    874142.0,
                    0.0,
                    848929.0,
                    0.0,
                    813925.0,
                    0.0,
                    768269.0,
                    0.0,
                    733204.0,
                    0.0,
                    702025.0,
                    0.0,
                    680326.0,
                    0.0,
                    666885.0,
                    0.0,
                    654584.0,
                    0.0,
                    654137.0,
                    0.0,
                    650473.0,
                    632229.0,
                    0.0,
                    600815.0,
                    0.0,
                    573651.0,
                    0.0,
                    556220.0,
                    0.0,
                    541860.0,
                    0.0,
                    525627.0,
                    0.0,
                    507535.0,
                    0.0,
                    498037.0,
                    0.0,
                    489769.0,
                    0.0,
                    482190.0,
                    0.0,
                    479854.0,
                    0.0,
                    490458.0,
                    0.0,
                    507141.0,
                    0.0,
                    509465.0,
                    0.0,
                    509947.0,
                    0.0,
                    496486.0,
                    0.0,
                    475784.0,
                    0.0,
                    450712.0,
                    0.0,
                    427123.0,
                    0.0,
                    409496.0,
                    0.0,
                    396410.0,
                    0.0,
                    385410.0,
                    0.0,
                    367160.0,
                    0.0,
                    351179.0,
                    0.0,
                    352595.0,
                    344835.0,
                    0.0,
                    320039.0,
                    0.0,
                    297429.0,
                    0.0,
                    279056.0,
                    0.0,
                    238329.0,
                    0.0,
                    200169.0,
                    0.0,
                    173732.0,
                    0.0,
                    150051.0,
                    0.0,
                    128633.0,
                    0.0,
                    113142.0,
                    0.0,
                    103710.0,
                    0.0,
                    95430.0,
                    0.0,
                    82533.0,
                    0.0,
                    80267.0,
                    0.0,
                    73317.0,
                    0.0,
                    68394.0,
                    0.0,
                    65716.0,
                    0.0,
                    60664.0,
                    0.0,
                    58382.0,
                    0.0,
                    54812.0,
                    0.0,
                    52943.0,
                    0.0,
                    51281.0,
                    0.0,
                    50231.0,
                    0.0,
                    48986.0,
                    0.0,
                    44513.0,
                    0.0,
                    48143.0,
                    45783.0,
                    0.0,
                    45305.0,
                    0.0,
                    42661.0,
                    0.0,
                    42015.0,
                    0.0,
                    41143.0,
                    0.0,
                    40942.0,
                    0.0,
                    40853.0,
                    0.0,
                    35564.0,
                    0.0,
                    38636.0,
                    0.0,
                    35458.0,
                    0.0,
                    33263.0,
                    0.0,
                    33366.0,
                    0.0,
                    33227.0,
                    0.0,
                    28939.0,
                    0.0,
                    30460.0,
                    0.0,
                    27797.0,
                    0.0,
                    28884.0,
                    0.0,
                    28332.0,
                    0.0,
                    24835.0,
                    0.0,
                    25454.0,
                    0.0,
                    26250.0,
                    0.0,
                    23334.0,
                    0.0,
                    25326.0,
                    0.0,
                    23896.0,
                    0.0,
                    21860.0,
                    22378.0,
                    0.0,
                    20881.0,
                    0.0,
                    20736.0,
                    0.0,
                    19215.0,
                    0.0,
                    19024.0,
                    0.0,
                    17569.0,
                    0.0,
                    17005.0,
                    0.0,
                    16355.0,
                    0.0,
                    16020.0,
                    0.0,
                    14852.0,
                    0.0,
                    14619.0,
                    0.0,
                    14498.0,
                    0.0,
                    12580.0,
                    0.0,
                    11521.0,
                    0.0,
                    10467.0,
                    0.0,
                    9741.0,
                    0.0,
                    9339.0,
                    0.0,
                    9532.0,
                    0.0,
                    10052.0,
                    0.0,
                    11762.0,
                    0.0,
                    13573.0,
                    0.0,
                    18184.0,
                    0.0,
                    18483.0,
                    0.0,
                    13324.0,
                    0.0,
                    10774.0,
                    17025.0
                ]
            ],
            "histogram_bins": [
                0.0,
                0.5099999904632568,
                1.0199999809265137,
                1.5299999713897705,
                2.0399999618530273,
                2.549999952316284,
                3.059999942779541,
                3.569999933242798,
                4.079999923706055,
                4.590000152587891,
                5.099999904632568,
                5.609999656677246,
                6.119999885559082,
                6.630000114440918,
                7.139999866485596,
                7.649999618530273,
                8.15999984741211,
                8.670000076293945,
                9.180000305175781,
                9.6899995803833,
                10.199999809265137,
                10.710000038146973,
                11.219999313354492,
                11.729999542236328,
                12.239999771118164,
                12.75,
                13.260000228881836,
                13.769999504089355,
                14.279999732971191,
                14.789999961853027,
                15.299999237060547,
                15.809999465942383,
                16.31999969482422,
                16.829999923706055,
                17.34000015258789,
                17.850000381469727,
                18.360000610351562,
                18.869998931884766,
                19.3799991607666,
                19.889999389648438,
                20.399999618530273,
                20.90999984741211,
                21.420000076293945,
                21.93000030517578,
                22.439998626708984,
                22.94999885559082,
                23.459999084472656,
                23.969999313354492,
                24.479999542236328,
                24.989999771118164,
                25.5,
                26.010000228881836,
                26.520000457763672,
                27.029998779296875,
                27.53999900817871,
                28.049999237060547,
                28.559999465942383,
                29.06999969482422,
                29.579999923706055,
                30.09000015258789,
                30.599998474121094,
                31.10999870300293,
                31.619998931884766,
                32.130001068115234,
                32.63999938964844,
                33.14999771118164,
                33.65999984741211,
                34.16999816894531,
                34.68000030517578,
                35.189998626708984,
                35.70000076293945,
                36.209999084472656,
                36.720001220703125,
                37.22999954223633,
                37.73999786376953,
                38.25,
                38.7599983215332,
                39.27000045776367,
                39.779998779296875,
                40.290000915527344,
                40.79999923706055,
                41.30999755859375,
                41.81999969482422,
                42.32999801635742,
                42.84000015258789,
                43.349998474121094,
                43.86000061035156,
                44.369998931884766,
                44.87999725341797,
                45.38999938964844,
                45.89999771118164,
                46.40999984741211,
                46.91999816894531,
                47.43000030517578,
                47.939998626708984,
                48.45000076293945,
                48.959999084472656,
                49.46999740600586,
                49.97999954223633,
                50.48999786376953,
                51.0,
                51.5099983215332,
                52.02000045776367,
                52.529998779296875,
                53.040000915527344,
                53.54999923706055,
                54.05999755859375,
                54.56999969482422,
                55.07999801635742,
                55.59000015258789,
                56.099998474121094,
                56.61000061035156,
                57.119998931884766,
                57.62999725341797,
                58.13999938964844,
                58.64999771118164,
                59.15999984741211,
                59.66999816894531,
                60.18000030517578,
                60.689998626708984,
                61.19999694824219,
                61.709999084472656,
                62.21999740600586,
                62.72999954223633,
                63.23999786376953,
                63.75,
                64.26000213623047,
                64.7699966430664,
                65.27999877929688,
                65.79000091552734,
                66.29999542236328,
                66.80999755859375,
                67.31999969482422,
                67.83000183105469,
                68.33999633789062,
                68.8499984741211,
                69.36000061035156,
                69.8699951171875,
                70.37999725341797,
                70.88999938964844,
                71.4000015258789,
                71.90999603271484,
                72.41999816894531,
                72.93000030517578,
                73.44000244140625,
                73.94999694824219,
                74.45999908447266,
                74.97000122070312,
                75.47999572753906,
                75.98999786376953,
                76.5,
                77.01000213623047,
                77.5199966430664,
                78.02999877929688,
                78.54000091552734,
                79.04999542236328,
                79.55999755859375,
                80.06999969482422,
                80.58000183105469,
                81.08999633789062,
                81.5999984741211,
                82.11000061035156,
                82.6199951171875,
                83.12999725341797,
                83.63999938964844,
                84.1500015258789,
                84.65999603271484,
                85.16999816894531,
                85.68000030517578,
                86.18999481201172,
                86.69999694824219,
                87.20999908447266,
                87.72000122070312,
                88.22999572753906,
                88.73999786376953,
                89.25,
                89.75999450683594,
                90.2699966430664,
                90.77999877929688,
                91.29000091552734,
                91.79999542236328,
                92.30999755859375,
                92.81999969482422,
                93.33000183105469,
                93.83999633789062,
                94.3499984741211,
                94.86000061035156,
                95.3699951171875,
                95.87999725341797,
                96.38999938964844,
                96.9000015258789,
                97.40999603271484,
                97.91999816894531,
                98.43000030517578,
                98.93999481201172,
                99.44999694824219,
                99.95999908447266,
                100.47000122070312,
                100.97999572753906,
                101.48999786376953,
                102.0,
                102.50999450683594,
                103.0199966430664,
                103.52999877929688,
                104.04000091552734,
                104.54999542236328,
                105.05999755859375,
                105.56999969482422,
                106.08000183105469,
                106.58999633789062,
                107.0999984741211,
                107.61000061035156,
                108.1199951171875,
                108.62999725341797,
                109.13999938964844,
                109.6500015258789,
                110.15999603271484,
                110.66999816894531,
                111.18000030517578,
                111.68999481201172,
                112.19999694824219,
                112.70999908447266,
                113.22000122070312,
                113.72999572753906,
                114.23999786376953,
                114.75,
                115.25999450683594,
                115.7699966430664,
                116.27999877929688,
                116.79000091552734,
                117.29999542236328,
                117.80999755859375,
                118.31999969482422,
                118.82999420166016,
                119.33999633789062,
                119.8499984741211,
                120.36000061035156,
                120.8699951171875,
                121.37999725341797,
                121.88999938964844,
                122.39999389648438,
                122.90999603271484,
                123.41999816894531,
                123.93000030517578,
                124.43999481201172,
                124.94999694824219,
                125.45999908447266,
                125.97000122070312,
                126.47999572753906,
                126.98999786376953,
                127.5,
                128.010009765625,
                128.52000427246094,
                129.02999877929688,
                129.54000854492188,
                130.0500030517578,
                130.55999755859375,
                131.07000732421875,
                131.5800018310547,
                132.08999633789062,
                132.60000610351562,
                133.11000061035156,
                133.6199951171875,
                134.1300048828125,
                134.63999938964844,
                135.15000915527344,
                135.66000366210938,
                136.1699981689453,
                136.6800079345703,
                137.19000244140625,
                137.6999969482422,
                138.2100067138672,
                138.72000122070312,
                139.22999572753906,
                139.74000549316406,
                140.25,
                140.760009765625,
                141.27000427246094,
                141.77999877929688,
                142.29000854492188,
                142.8000030517578,
                143.30999755859375,
                143.82000732421875,
                144.3300018310547,
                144.83999633789062,
                145.35000610351562,
                145.86000061035156,
                146.3699951171875,
                146.8800048828125,
                147.38999938964844,
                147.90000915527344,
                148.41000366210938,
                148.9199981689453,
                149.4300079345703,
                149.94000244140625,
                150.4499969482422,
                150.9600067138672,
                151.47000122070312,
                151.97999572753906,
                152.49000549316406,
                153.0,
                153.50999450683594,
                154.02000427246094,
                154.52999877929688,
                155.04000854492188,
                155.5500030517578,
                156.05999755859375,
                156.57000732421875,
                157.0800018310547,
                157.58999633789062,
                158.10000610351562,
                158.61000061035156,
                159.1199951171875,
                159.6300048828125,
                160.13999938964844,
                160.65000915527344,
                161.16000366210938,
                161.6699981689453,
                162.1800079345703,
                162.69000244140625,
                163.1999969482422,
                163.7100067138672,
                164.22000122070312,
                164.72999572753906,
                165.24000549316406,
                165.75,
                166.25999450683594,
                166.77000427246094,
                167.27999877929688,
                167.79000854492188,
                168.3000030517578,
                168.80999755859375,
                169.32000732421875,
                169.8300018310547,
                170.33999633789062,
                170.85000610351562,
                171.36000061035156,
                171.8699951171875,
                172.3800048828125,
                172.88999938964844,
                173.39999389648438,
                173.91000366210938,
                174.4199981689453,
                174.9300079345703,
                175.44000244140625,
                175.9499969482422,
                176.4600067138672,
                176.97000122070312,
                177.47999572753906,
                177.99000549316406,
                178.5,
                179.00999450683594,
                179.52000427246094,
                180.02999877929688,
                180.54000854492188,
                181.0500030517578,
                181.55999755859375,
                182.07000732421875,
                182.5800018310547,
                183.08999633789062,
                183.60000610351562,
                184.11000061035156,
                184.6199951171875,
                185.1300048828125,
                185.63999938964844,
                186.14999389648438,
                186.66000366210938,
                187.1699981689453,
                187.6800079345703,
                188.19000244140625,
                188.6999969482422,
                189.2100067138672,
                189.72000122070312,
                190.22999572753906,
                190.74000549316406,
                191.25,
                191.75999450683594,
                192.27000427246094,
                192.77999877929688,
                193.29000854492188,
                193.8000030517578,
                194.30999755859375,
                194.82000732421875,
                195.3300018310547,
                195.83999633789062,
                196.35000610351562,
                196.86000061035156,
                197.3699951171875,
                197.8800048828125,
                198.38999938964844,
                198.89999389648438,
                199.41000366210938,
                199.9199981689453,
                200.4300079345703,
                200.94000244140625,
                201.4499969482422,
                201.9600067138672,
                202.47000122070312,
                202.97999572753906,
                203.49000549316406,
                204.0,
                204.50999450683594,
                205.02000427246094,
                205.52999877929688,
                206.04000854492188,
                206.5500030517578,
                207.05999755859375,
                207.57000732421875,
                208.0800018310547,
                208.58999633789062,
                209.10000610351562,
                209.61000061035156,
                210.1199951171875,
                210.6300048828125,
                211.13999938964844,
                211.64999389648438,
                212.16000366210938,
                212.6699981689453,
                213.1800079345703,
                213.69000244140625,
                214.1999969482422,
                214.7100067138672,
                215.22000122070312,
                215.72999572753906,
                216.24000549316406,
                216.75,
                217.25999450683594,
                217.77000427246094,
                218.27999877929688,
                218.7899932861328,
                219.3000030517578,
                219.80999755859375,
                220.32000732421875,
                220.8300018310547,
                221.33999633789062,
                221.85000610351562,
                222.36000061035156,
                222.8699951171875,
                223.3800048828125,
                223.88999938964844,
                224.39999389648438,
                224.91000366210938,
                225.4199981689453,
                225.9300079345703,
                226.44000244140625,
                226.9499969482422,
                227.4600067138672,
                227.97000122070312,
                228.47999572753906,
                228.99000549316406,
                229.5,
                230.00999450683594,
                230.52000427246094,
                231.02999877929688,
                231.5399932861328,
                232.0500030517578,
                232.55999755859375,
                233.07000732421875,
                233.5800018310547,
                234.08999633789062,
                234.60000610351562,
                235.11000061035156,
                235.6199951171875,
                236.1300048828125,
                236.63999938964844,
                237.14999389648438,
                237.66000366210938,
                238.1699981689453,
                238.67999267578125,
                239.19000244140625,
                239.6999969482422,
                240.2100067138672,
                240.72000122070312,
                241.22999572753906,
                241.74000549316406,
                242.25,
                242.75999450683594,
                243.27000427246094,
                243.77999877929688,
                244.2899932861328,
                244.8000030517578,
                245.30999755859375,
                245.82000732421875,
                246.3300018310547,
                246.83999633789062,
                247.35000610351562,
                247.86000061035156,
                248.3699951171875,
                248.8800048828125,
                249.38999938964844,
                249.89999389648438,
                250.41000366210938,
                250.9199981689453,
                251.42999267578125,
                251.94000244140625,
                252.4499969482422,
                252.9600067138672,
                253.47000122070312,
                253.97999572753906,
                254.49000549316406,
                255.0
            ],
            "pct_02": null,
            "pct_98": null
        }
    },
    "target_stats": {
        "pixel_counts": [
            200592144.0,
            13317463.0
        ],
        "pixel_distribution": [
            0.9377430081367493,
            0.06225746124982834
        ],
        "class_presence_counts": [
            816.0,
            815.0
        ],
        "class_presence_ratio": [
            1.0,
            0.998774528503418
        ],
        "total_pixels": 213909504,
        "total_images": 816,
        "num_classes": 2
    }
}