{
    "input_stats": {
        "image": {
            "band_names": [
                "r",
                "g",
                "b",
                "nir"
            ],
            "mean": [
                862.0840454101562,
                853.3894653320312,
                592.0079956054688,
                2984.3017578125
            ],
            "std": [
                681.1666870117188,
                508.64013671875,
                454.0238952636719,
                1043.6527099609375
            ],
            "var": [
                463988.09375,
                258714.796875,
                206137.703125,
                1089211.0
            ],
            "min": [
                1.0,
                1.0,
                0.0,
                0.0
            ],
            "max": [
                12232.0,
                12782.0,
                11943.0,
                14766.0
            ],
            "count": 816.0,
            "histograms": [
                [
                    67.0,
                    53.0,
                    218.0,
                    2910.0,
                    9059.0,
                    8946.0,
                    5154.0,
                    4387.0,
                    5176.0,
                    8758.0,
                    22130.0,
                    39367.0,
                    39770.0,
                    29627.0,
                    22572.0,
                    22652.0,
                    26404.0,
                    29227.0,
                    35244.0,
                    45968.0,
                    62729.0,
                    88811.0,
                    129088.0,
                    179958.0,
                    241475.0,
                    307616.0,
                    374950.0,
                    442980.0,
                    505189.0,
                    558122.0,
                    596469.0,
                    614596.0,
                    620029.0,
                    620713.0,
                    613604.0,
                    602299.0,
                    589471.0,
                    574485.0,
                    556846.0,
                    537373.0,
                    518693.0,
                    500547.0,
                    480026.0,
                    462406.0,
                    447541.0,
                    433965.0,
                    423402.0,
                    407566.0,
                    396575.0,
                    385323.0,
                    374152.0,
                    364357.0,
                    354108.0,
                    344595.0,
                    335454.0,
                    326139.0,
                    317481.0,
                    308295.0,
                    301118.0,
                    294357.0,
                    289117.0,
                    283693.0,
                    276445.0,
                    272283.0,
                    267378.0,
                    264163.0,
                    260616.0,
                    256393.0,
                    252115.0,
                    248513.0,
                    242773.0,
                    238841.0,
                    236381.0,
                    232689.0,
                    229474.0,
                    227526.0,
                    225840.0,
                    222678.0,
                    220019.0,
                    218440.0,
                    216877.0,
                    214122.0,
                    213348.0,
                    212257.0,
                    209808.0,
                    207170.0,
                    206113.0,
                    204074.0,
                    200980.0,
                    199057.0,
                    198893.0,
                    197631.0,
                    195496.0,
                    194107.0,
                    191637.0,
                    191143.0,
                    189395.0,
                    186361.0,
                    183549.0,
                    180993.0,
                    178149.0,
                    175618.0,
                    173283.0,
                    171298.0,
                    168861.0,
                    167321.0,
                    164890.0,
                    163323.0,
                    160921.0,
                    158958.0,
                    158788.0,
                    156557.0,
                    154632.0,
                    154397.0,
                    152903.0,
                    151783.0,
                    150353.0,
                    150150.0,
                    148252.0,
                    148511.0,
                    147696.0,
                    145899.0,
                    145776.0,
                    145849.0,
                    145372.0,
                    144993.0,
                    144592.0,
                    143838.0,
                    144070.0,
                    142052.0,
                    142288.0,
                    140848.0,
                    140805.0,
                    139374.0,
                    138627.0,
                    137642.0,
                    136152.0,
                    134799.0,
                    134536.0,
                    133683.0,
                    132122.0,
                    130950.0,
                    129451.0,
                    128956.0,
                    127867.0,
                    127179.0,
                    125724.0,
                    124797.0,
                    123664.0,
                    122083.0,
                    121126.0,
                    119355.0,
                    118903.0,
                    117162.0,
                    116103.0,
                    114817.0,
                    113779.0,
                    112320.0,
                    111730.0,
                    110439.0,
                    109761.0,
                    108112.0,
                    107096.0,
                    106519.0,
                    104915.0,
                    103132.0,
                    102520.0,
                    101296.0,
                    100967.0,
                    100943.0,
                    100592.0,
                    99165.0,
                    98295.0,
                    98896.0,
                    97819.0,
                    96778.0,
                    95900.0,
                    95333.0,
                    95299.0,
                    94653.0,
                    95092.0,
                    95252.0,
                    95470.0,
                    95428.0,
                    95822.0,
                    96312.0,
                    96912.0,
                    97429.0,
                    98034.0,
                    98389.0,
                    99715.0,
                    100965.0,
                    100968.0,
                    101841.0,
                    102309.0,
                    103404.0,
                    103084.0,
                    102760.0,
                    102318.0,
                    101205.0,
                    100526.0,
                    99192.0,
                    97797.0,
                    97481.0,
                    96939.0,
                    94489.0,
                    92856.0,
                    90183.0,
                    88734.0,
                    88292.0,
                    87442.0,
                    85738.0,
                    83745.0,
                    82940.0,
                    83043.0,
                    83178.0,
                    84579.0,
                    85892.0,
                    85710.0,
                    88545.0,
                    88396.0,
                    87277.0,
                    86420.0,
                    86711.0,
                    88078.0,
                    89385.0,
                    91156.0,
                    91651.0,
                    92134.0,
                    92957.0,
                    94186.0,
                    95820.0,
                    96663.0,
                    97175.0,
                    97401.0,
                    99014.0,
                    98739.0,
                    99706.0,
                    100244.0,
                    101865.0,
                    102807.0,
                    104670.0,
                    107144.0,
                    110743.0,
                    109752.0,
                    108872.0,
                    107494.0,
                    106403.0,
                    105727.0,
                    106115.0,
                    106639.0,
                    105616.0,
                    106019.0,
                    105616.0,
                    104697.0,
                    102787.0,
                    101497.0,
                    100641.0,
                    100159.0,
                    99471.0,
                    99000.0,
                    98157.0,
                    97789.0,
                    96409.0,
                    96540.0,
                    94980.0,
                    93973.0,
                    93674.0,
                    92097.0,
                    91192.0,
                    89556.0,
                    88690.0,
                    87938.0,
                    86871.0,
                    86455.0,
                    85767.0,
                    84940.0,
                    84833.0,
                    84120.0,
                    83247.0,
                    82087.0,
                    81916.0,
                    81667.0,
                    80386.0,
                    79166.0,
                    78775.0,
                    77746.0,
                    77250.0,
                    75740.0,
                    75146.0,
                    74488.0,
                    73538.0,
                    73591.0,
                    72546.0,
                    71948.0,
                    70673.0,
                    69800.0,
                    68814.0,
                    68582.0,
                    67643.0,
                    66399.0,
                    66009.0,
                    64615.0,
                    63902.0,
                    63150.0,
                    62361.0,
                    60463.0,
                    60394.0,
                    59038.0,
                    59234.0,
                    58293.0,
                    57510.0,
                    56456.0,
                    56296.0,
                    56103.0,
                    55590.0,
                    55968.0,
                    54554.0,
                    54789.0,
                    54372.0,
                    54147.0,
                    53349.0,
                    53267.0,
                    52690.0,
                    52375.0,
                    51993.0,
                    52281.0,
                    51992.0,
                    51538.0,
                    51311.0,
                    50858.0,
                    50552.0,
                    50146.0,
                    49946.0,
                    49410.0,
                    48606.0,
                    48741.0,
                    48532.0,
                    47997.0,
                    48031.0,
                    47836.0,
                    46913.0,
                    46201.0,
                    46664.0,
                    45958.0,
                    45465.0,
                    44822.0,
                    44508.0,
                    43733.0,
                    43123.0,
                    42713.0,
                    42497.0,
                    41664.0,
                    41850.0,
                    41012.0,
                    40828.0,
                    40585.0,
                    39837.0,
                    39228.0,
                    39477.0,
                    39011.0,
                    38967.0,
                    38215.0,
                    38057.0,
                    37643.0,
                    37535.0,
                    37228.0,
                    36532.0,
                    36378.0,
                    36026.0,
                    35068.0,
                    34555.0,
                    33703.0,
                    32996.0,
                    32492.0,
                    31785.0,
                    31948.0,
                    31084.0,
                    30568.0,
                    29834.0,
                    29913.0,
                    30017.0,
                    29208.0,
                    29049.0,
                    28833.0,
                    28938.0,
                    28437.0,
                    28073.0,
                    27888.0,
                    28219.0,
                    27239.0,
                    27136.0,
                    26905.0,
                    26639.0,
                    26483.0,
                    26307.0,
                    26116.0,
                    26037.0,
                    25779.0,
                    25789.0,
                    25004.0,
                    24888.0,
                    24781.0,
                    24303.0,
                    24326.0,
                    23983.0,
                    23463.0,
                    23487.0,
                    23177.0,
                    22794.0,
                    22855.0,
                    22281.0,
                    21883.0,
                    21827.0,
                    21423.0,
                    21331.0,
                    20997.0,
                    20564.0,
                    20495.0,
                    20195.0,
                    19974.0,
                    19744.0,
                    19248.0,
                    19101.0,
                    18790.0,
                    18732.0,
                    18524.0,
                    18161.0,
                    17536.0,
                    17361.0,
                    17238.0,
                    16830.0,
                    16464.0,
                    16086.0,
                    15611.0,
                    15520.0,
                    15271.0,
                    15013.0,
                    14619.0,
                    14548.0,
                    14243.0,
                    14146.0,
                    13779.0,
                    13265.0,
                    13083.0,
                    12529.0,
                    12319.0,
                    12046.0,
                    11515.0,
                    11733.0,
                    11207.0,
                    11313.0,
                    10793.0,
                    10706.0,
                    10276.0,
                    10149.0,
                    9892.0,
                    9701.0,
                    9510.0,
                    9249.0,
                    9292.0,
                    9203.0,
                    9013.0,
                    9003.0,
                    8885.0,
                    8881.0,
                    8704.0,
                    8693.0,
                    8835.0,
                    8764.0,
                    9086.0,
                    9119.0,
                    9164.0,
                    9299.0,
                    9049.0,
                    9263.0,
                    9299.0,
                    9319.0,
                    9160.0,
                    9451.0,
                    9368.0,
                    9391.0,
                    9240.0,
                    9280.0,
                    9035.0,
                    9087.0,
                    8735.0,
                    8577.0,
                    8638.0,
                    8425.0,
                    8444.0,
                    8023.0,
                    7924.0,
                    7886.0,
                    7705.0,
                    7638.0,
                    7683.0,
                    7361.0,
                    7380.0,
                    8369.0
                ],
                [
                    0.0,
                    14.0,
                    347.0,
                    2784.0,
                    7409.0,
                    8148.0,
                    4971.0,
                    2805.0,
                    2997.0,
                    5779.0,
                    9105.0,
                    13031.0,
                    22083.0,
                    32958.0,
                    33993.0,
                    23668.0,
                    13697.0,
                    10679.0,
                    9216.0,
                    7234.0,
                    5931.0,
                    5396.0,
                    4846.0,
                    4327.0,
                    4016.0,
                    4168.0,
                    4196.0,
                    4629.0,
                    5631.0,
                    7133.0,
                    9668.0,
                    13242.0,
                    17196.0,
                    21278.0,
                    25535.0,
                    31024.0,
                    38112.0,
                    46384.0,
                    56251.0,
                    67506.0,
                    81477.0,
                    97314.0,
                    115685.0,
                    137504.0,
                    161964.0,
                    188825.0,
                    218155.0,
                    248245.0,
                    280536.0,
                    309820.0,
                    336525.0,
                    356365.0,
                    375701.0,
                    391671.0,
                    405597.0,
                    416901.0,
                    427006.0,
                    438203.0,
                    447848.0,
                    458467.0,
                    466671.0,
                    473091.0,
                    477857.0,
                    478212.0,
                    478821.0,
                    473772.0,
                    467272.0,
                    460287.0,
                    452695.0,
                    444489.0,
                    433527.0,
                    424656.0,
                    415344.0,
                    406228.0,
                    396715.0,
                    387073.0,
                    379467.0,
                    371742.0,
                    364396.0,
                    357671.0,
                    350014.0,
                    343762.0,
                    340005.0,
                    336464.0,
                    333090.0,
                    328073.0,
                    326209.0,
                    325641.0,
                    326771.0,
                    328719.0,
                    330711.0,
                    330347.0,
                    330636.0,
                    329712.0,
                    329884.0,
                    329048.0,
                    328774.0,
                    331442.0,
                    331906.0,
                    332879.0,
                    334422.0,
                    335882.0,
                    335652.0,
                    335722.0,
                    333420.0,
                    330997.0,
                    329511.0,
                    327718.0,
                    325900.0,
                    323120.0,
                    319472.0,
                    315354.0,
                    312643.0,
                    310088.0,
                    306101.0,
                    301585.0,
                    297457.0,
                    293254.0,
                    287633.0,
                    283025.0,
                    278160.0,
                    273826.0,
                    269590.0,
                    264708.0,
                    262057.0,
                    257487.0,
                    255259.0,
                    250543.0,
                    247715.0,
                    243504.0,
                    239171.0,
                    236236.0,
                    233074.0,
                    228953.0,
                    223993.0,
                    221334.0,
                    219470.0,
                    215002.0,
                    211811.0,
                    208575.0,
                    205953.0,
                    203074.0,
                    199503.0,
                    195820.0,
                    192287.0,
                    187922.0,
                    184639.0,
                    181851.0,
                    177935.0,
                    175129.0,
                    172823.0,
                    170104.0,
                    167784.0,
                    166314.0,
                    164184.0,
                    162124.0,
                    159768.0,
                    157427.0,
                    154725.0,
                    152051.0,
                    150016.0,
                    147315.0,
                    144847.0,
                    141499.0,
                    139030.0,
                    136899.0,
                    134735.0,
                    132059.0,
                    129180.0,
                    127272.0,
                    124628.0,
                    122262.0,
                    119602.0,
                    117709.0,
                    116071.0,
                    113788.0,
                    112876.0,
                    110977.0,
                    109297.0,
                    106912.0,
                    104882.0,
                    103629.0,
                    102044.0,
                    100865.0,
                    100176.0,
                    98772.0,
                    97818.0,
                    95916.0,
                    95006.0,
                    93374.0,
                    91136.0,
                    90843.0,
                    89725.0,
                    88706.0,
                    87923.0,
                    87117.0,
                    86054.0,
                    84739.0,
                    84017.0,
                    83218.0,
                    82037.0,
                    80470.0,
                    79764.0,
                    79382.0,
                    78846.0,
                    78674.0,
                    78784.0,
                    78654.0,
                    79082.0,
                    80725.0,
                    80500.0,
                    80771.0,
                    79451.0,
                    78905.0,
                    79056.0,
                    81150.0,
                    82789.0,
                    84538.0,
                    82352.0,
                    80212.0,
                    79006.0,
                    77885.0,
                    77703.0,
                    76778.0,
                    76658.0,
                    76829.0,
                    76076.0,
                    76095.0,
                    75955.0,
                    75520.0,
                    75348.0,
                    75018.0,
                    74463.0,
                    75416.0,
                    75110.0,
                    75072.0,
                    76493.0,
                    76647.0,
                    77992.0,
                    79905.0,
                    81435.0,
                    83330.0,
                    86389.0,
                    88171.0,
                    89835.0,
                    90484.0,
                    91411.0,
                    93308.0,
                    93811.0,
                    94586.0,
                    96451.0,
                    97666.0,
                    99294.0,
                    101494.0,
                    103729.0,
                    107142.0,
                    109855.0,
                    112557.0,
                    115250.0,
                    117582.0,
                    119619.0,
                    120072.0,
                    121762.0,
                    122346.0,
                    123976.0,
                    125060.0,
                    124935.0,
                    125592.0,
                    125274.0,
                    124567.0,
                    124037.0,
                    124512.0,
                    125128.0,
                    124057.0,
                    125239.0,
                    127072.0,
                    128597.0,
                    129216.0,
                    131137.0,
                    132324.0,
                    131230.0,
                    129894.0,
                    128704.0,
                    126133.0,
                    124966.0,
                    123717.0,
                    120728.0,
                    118268.0,
                    114890.0,
                    112085.0,
                    108953.0,
                    106581.0,
                    103746.0,
                    101103.0,
                    98453.0,
                    94869.0,
                    92419.0,
                    88955.0,
                    85277.0,
                    82701.0,
                    78890.0,
                    77302.0,
                    74830.0,
                    72887.0,
                    70037.0,
                    67852.0,
                    65851.0,
                    63305.0,
                    61969.0,
                    60018.0,
                    57899.0,
                    56228.0,
                    54800.0,
                    53050.0,
                    51128.0,
                    50066.0,
                    48372.0,
                    47361.0,
                    45890.0,
                    44255.0,
                    43398.0,
                    42003.0,
                    40846.0,
                    39640.0,
                    38837.0,
                    37903.0,
                    36731.0,
                    35680.0,
                    34736.0,
                    34388.0,
                    33412.0,
                    32614.0,
                    31522.0,
                    30783.0,
                    30043.0,
                    29485.0,
                    28659.0,
                    27985.0,
                    28113.0,
                    27448.0,
                    26942.0,
                    26207.0,
                    24981.0,
                    24343.0,
                    23846.0,
                    23079.0,
                    22326.0,
                    21556.0,
                    20878.0,
                    19824.0,
                    19345.0,
                    18595.0,
                    18246.0,
                    17444.0,
                    17041.0,
                    16195.0,
                    15801.0,
                    15404.0,
                    14897.0,
                    14654.0,
                    14315.0,
                    13698.0,
                    13598.0,
                    13310.0,
                    12837.0,
                    12367.0,
                    12025.0,
                    11842.0,
                    11486.0,
                    10869.0,
                    10677.0,
                    10263.0,
                    10027.0,
                    9642.0,
                    9570.0,
                    9320.0,
                    8911.0,
                    8602.0,
                    8111.0,
                    7835.0,
                    7379.0,
                    7153.0,
                    6850.0,
                    6640.0,
                    6359.0,
                    6177.0,
                    5851.0,
                    5643.0,
                    5533.0,
                    5389.0,
                    4931.0,
                    4991.0,
                    4854.0,
                    4710.0,
                    4668.0,
                    4296.0,
                    4436.0,
                    4094.0,
                    4134.0,
                    4001.0,
                    3919.0,
                    3900.0,
                    3856.0,
                    3771.0,
                    3781.0,
                    3620.0,
                    3715.0,
                    3588.0,
                    3581.0,
                    3415.0,
                    3432.0,
                    3445.0,
                    3184.0,
                    3214.0,
                    3219.0,
                    3051.0,
                    2975.0,
                    2791.0,
                    2671.0,
                    2597.0,
                    2532.0,
                    2367.0,
                    2247.0,
                    2193.0,
                    2078.0,
                    2180.0,
                    2077.0,
                    1973.0,
                    2032.0,
                    1951.0,
                    1958.0,
                    1852.0,
                    1790.0,
                    1826.0,
                    1729.0,
                    1739.0,
                    1685.0,
                    1664.0,
                    1604.0,
                    1582.0,
                    1655.0,
                    1563.0,
                    1571.0,
                    1476.0,
                    1519.0,
                    1578.0,
                    1425.0,
                    1391.0,
                    1436.0,
                    1348.0,
                    1374.0,
                    1394.0,
                    1340.0,
                    1376.0,
                    1275.0,
                    1299.0,
                    1207.0,
                    1137.0,
                    1137.0,
                    1175.0,
                    1178.0,
                    1156.0,
                    1131.0,
                    1127.0,
                    1050.0,
                    1039.0,
                    1005.0,
                    976.0,
                    979.0,
                    1012.0,
                    959.0,
                    949.0,
                    956.0,
                    973.0,
                    888.0,
                    921.0,
                    836.0,
                    852.0,
                    802.0,
                    826.0,
                    846.0,
                    770.0,
                    837.0,
                    827.0,
                    921.0,
                    943.0,
                    857.0,
                    945.0,
                    947.0,
                    908.0,
                    958.0,
                    1021.0,
                    954.0,
                    1003.0,
                    895.0,
                    857.0,
                    830.0,
                    782.0,
                    837.0,
                    966.0
                ],
                [
                    10192.0,
                    5524.0,
                    8123.0,
                    10421.0,
                    10540.0,
                    8979.0,
                    8127.0,
                    8463.0,
                    10361.0,
                    13307.0,
                    16787.0,
                    22958.0,
                    33184.0,
                    47519.0,
                    68614.0,
                    94787.0,
                    117979.0,
                    139023.0,
                    162431.0,
                    193559.0,
                    225581.0,
                    255527.0,
                    279457.0,
                    298151.0,
                    317753.0,
                    342623.0,
                    372863.0,
                    412852.0,
                    460789.0,
                    521400.0,
                    586453.0,
                    651525.0,
                    709005.0,
                    752871.0,
                    784740.0,
                    795281.0,
                    788880.0,
                    775229.0,
                    758412.0,
                    739938.0,
                    715143.0,
                    693074.0,
                    670772.0,
                    652153.0,
                    632210.0,
                    612811.0,
                    597585.0,
                    585556.0,
                    577656.0,
                    570043.0,
                    562940.0,
                    553703.0,
                    542212.0,
                    529917.0,
                    516241.0,
                    502706.0,
                    490593.0,
                    476103.0,
                    461752.0,
                    447983.0,
                    437312.0,
                    422417.0,
                    409036.0,
                    395669.0,
                    385601.0,
                    375078.0,
                    366891.0,
                    359933.0,
                    354578.0,
                    348601.0,
                    344064.0,
                    337166.0,
                    332814.0,
                    325285.0,
                    319654.0,
                    312849.0,
                    306403.0,
                    301921.0,
                    294757.0,
                    290989.0,
                    284823.0,
                    279481.0,
                    273031.0,
                    268638.0,
                    263628.0,
                    257466.0,
                    253283.0,
                    247625.0,
                    244174.0,
                    239291.0,
                    234409.0,
                    229995.0,
                    227059.0,
                    223064.0,
                    217759.0,
                    215129.0,
                    211347.0,
                    207686.0,
                    205499.0,
                    200837.0,
                    197533.0,
                    192975.0,
                    188958.0,
                    186822.0,
                    182913.0,
                    178922.0,
                    176002.0,
                    172442.0,
                    169229.0,
                    166260.0,
                    163174.0,
                    160562.0,
                    156275.0,
                    155018.0,
                    152012.0,
                    148695.0,
                    146725.0,
                    143646.0,
                    141127.0,
                    137669.0,
                    135993.0,
                    134044.0,
                    131822.0,
                    130763.0,
                    128177.0,
                    127132.0,
                    125470.0,
                    123652.0,
                    121154.0,
                    118392.0,
                    116203.0,
                    113489.0,
                    111232.0,
                    109055.0,
                    106899.0,
                    104806.0,
                    104458.0,
                    103044.0,
                    102095.0,
                    101551.0,
                    101223.0,
                    100891.0,
                    100084.0,
                    98965.0,
                    98371.0,
                    96689.0,
                    95520.0,
                    93770.0,
                    92916.0,
                    91072.0,
                    88975.0,
                    87571.0,
                    86156.0,
                    84390.0,
                    82527.0,
                    79952.0,
                    79419.0,
                    78473.0,
                    77453.0,
                    76472.0,
                    76065.0,
                    75547.0,
                    74837.0,
                    74244.0,
                    74973.0,
                    73859.0,
                    72295.0,
                    72710.0,
                    71464.0,
                    71160.0,
                    70621.0,
                    69836.0,
                    70078.0,
                    69793.0,
                    69788.0,
                    70645.0,
                    71554.0,
                    72610.0,
                    73365.0,
                    74920.0,
                    76707.0,
                    77005.0,
                    79211.0,
                    82030.0,
                    84952.0,
                    85938.0,
                    87876.0,
                    88160.0,
                    87743.0,
                    85986.0,
                    83443.0,
                    81519.0,
                    79168.0,
                    77700.0,
                    75687.0,
                    75034.0,
                    74826.0,
                    74847.0,
                    75856.0,
                    76556.0,
                    78168.0,
                    80228.0,
                    82887.0,
                    85272.0,
                    87933.0,
                    90825.0,
                    94105.0,
                    97216.0,
                    100155.0,
                    103413.0,
                    106199.0,
                    110003.0,
                    113054.0,
                    114719.0,
                    115984.0,
                    114022.0,
                    113499.0,
                    113243.0,
                    112845.0,
                    111286.0,
                    108698.0,
                    107095.0,
                    105210.0,
                    103926.0,
                    103175.0,
                    102525.0,
                    101494.0,
                    101236.0,
                    101359.0,
                    102776.0,
                    104858.0,
                    105899.0,
                    106318.0,
                    106862.0,
                    106278.0,
                    107042.0,
                    106734.0,
                    107644.0,
                    108381.0,
                    108859.0,
                    109313.0,
                    110241.0,
                    109468.0,
                    108295.0,
                    107014.0,
                    105964.0,
                    105718.0,
                    106203.0,
                    104691.0,
                    102467.0,
                    97773.0,
                    93715.0,
                    88967.0,
                    85622.0,
                    81376.0,
                    78112.0,
                    75109.0,
                    72116.0,
                    69538.0,
                    67467.0,
                    65614.0,
                    63277.0,
                    61246.0,
                    58817.0,
                    57180.0,
                    55197.0,
                    52861.0,
                    51197.0,
                    48951.0,
                    47336.0,
                    45229.0,
                    43594.0,
                    42068.0,
                    40781.0,
                    38859.0,
                    37197.0,
                    35241.0,
                    33789.0,
                    32785.0,
                    31552.0,
                    30554.0,
                    29045.0,
                    28017.0,
                    26832.0,
                    26091.0,
                    24994.0,
                    23964.0,
                    23175.0,
                    22773.0,
                    22005.0,
                    21822.0,
                    20796.0,
                    19806.0,
                    18664.0,
                    17964.0,
                    17487.0,
                    16848.0,
                    16278.0,
                    15697.0,
                    15327.0,
                    14596.0,
                    14115.0,
                    13288.0,
                    12609.0,
                    12164.0,
                    11755.0,
                    11485.0,
                    11107.0,
                    10808.0,
                    10720.0,
                    10465.0,
                    10272.0,
                    9843.0,
                    9802.0,
                    9601.0,
                    9553.0,
                    9036.0,
                    8937.0,
                    8234.0,
                    8161.0,
                    7847.0,
                    7681.0,
                    7429.0,
                    7502.0,
                    7174.0,
                    7024.0,
                    6892.0,
                    6817.0,
                    6624.0,
                    6071.0,
                    5835.0,
                    5703.0,
                    5592.0,
                    5611.0,
                    5352.0,
                    5043.0,
                    4825.0,
                    4666.0,
                    4462.0,
                    4372.0,
                    4071.0,
                    3959.0,
                    3846.0,
                    3654.0,
                    3543.0,
                    3372.0,
                    3371.0,
                    3272.0,
                    3248.0,
                    3154.0,
                    3099.0,
                    3028.0,
                    2950.0,
                    2885.0,
                    2830.0,
                    2807.0,
                    2631.0,
                    2660.0,
                    2665.0,
                    2583.0,
                    2541.0,
                    2374.0,
                    2454.0,
                    2312.0,
                    2209.0,
                    2273.0,
                    2108.0,
                    2019.0,
                    1981.0,
                    1954.0,
                    1733.0,
                    1835.0,
                    1757.0,
                    1737.0,
                    1692.0,
                    1705.0,
                    1672.0,
                    1599.0,
                    1562.0,
                    1470.0,
                    1478.0,
                    1538.0,
                    1581.0,
                    1553.0,
                    1450.0,
                    1373.0,
                    1369.0,
                    1380.0,
                    1328.0,
                    1354.0,
                    1311.0,
                    1334.0,
                    1273.0,
                    1320.0,
                    1278.0,
                    1251.0,
                    1278.0,
                    1161.0,
                    1206.0,
                    1147.0,
                    1158.0,
                    1118.0,
                    1119.0,
                    1085.0,
                    1099.0,
                    1000.0,
                    1017.0,
                    1003.0,
                    923.0,
                    938.0,
                    935.0,
                    960.0,
                    897.0,
                    864.0,
                    896.0,
                    808.0,
                    803.0,
                    748.0,
                    731.0,
                    794.0,
                    719.0,
                    765.0,
                    765.0,
                    786.0,
                    786.0,
                    837.0,
                    859.0,
                    842.0,
                    923.0,
                    929.0,
                    933.0,
                    868.0,
                    893.0,
                    748.0,
                    764.0,
                    698.0,
                    674.0,
                    675.0,
                    669.0,
                    628.0,
                    645.0,
                    606.0,
                    601.0,
                    619.0,
                    695.0,
                    645.0,
                    592.0,
                    575.0,
                    531.0,
                    525.0,
                    502.0,
                    494.0,
                    513.0,
                    480.0,
                    464.0,
                    444.0,
                    424.0,
                    482.0,
                    464.0,
                    478.0,
                    455.0,
                    454.0,
                    395.0,
                    384.0,
                    371.0,
                    344.0,
                    320.0,
                    339.0,
                    347.0,
                    325.0,
                    311.0,
                    276.0,
                    291.0,
                    285.0,
                    284.0,
                    248.0,
                    274.0,
                    265.0,
                    261.0,
                    237.0,
                    250.0,
                    213.0,
                    212.0,
                    219.0,
                    230.0,
                    212.0,
                    224.0,
                    232.0,
                    207.0,
                    198.0,
                    202.0,
                    215.0,
                    194.0,
                    215.0,
                    187.0,
                    172.0,
                    193.0,
                    192.0,
                    195.0,
                    208.0
                ],
                [
                    3011.0,
                    394.0,
                    293.0,
                    231.0,
                    446.0,
                    1752.0,
                    2879.0,
                    3389.0,
                    5584.0,
                    7547.0,
                    8813.0,
                    13902.0,
                    23256.0,
                    31913.0,
                    32403.0,
                    33760.0,
                    32785.0,
                    24014.0,
                    19452.0,
                    15763.0,
                    14835.0,
                    13096.0,
                    13981.0,
                    14062.0,
                    13277.0,
                    12194.0,
                    10413.0,
                    6998.0,
                    4788.0,
                    4407.0,
                    3706.0,
                    3374.0,
                    3486.0,
                    3334.0,
                    3203.0,
                    3189.0,
                    2962.0,
                    2839.0,
                    2677.0,
                    2607.0,
                    2455.0,
                    2281.0,
                    2152.0,
                    2073.0,
                    2016.0,
                    2062.0,
                    1972.0,
                    1881.0,
                    1792.0,
                    1805.0,
                    1752.0,
                    1649.0,
                    1645.0,
                    1696.0,
                    1672.0,
                    1630.0,
                    1708.0,
                    1621.0,
                    1666.0,
                    1664.0,
                    1714.0,
                    1698.0,
                    1821.0,
                    1771.0,
                    1812.0,
                    1712.0,
                    1753.0,
                    1678.0,
                    1682.0,
                    1681.0,
                    1734.0,
                    1867.0,
                    1882.0,
                    1866.0,
                    1943.0,
                    2174.0,
                    2203.0,
                    2398.0,
                    2542.0,
                    2827.0,
                    2953.0,
                    3039.0,
                    3127.0,
                    3185.0,
                    3093.0,
                    3137.0,
                    3263.0,
                    3265.0,
                    3332.0,
                    3508.0,
                    3745.0,
                    4062.0,
                    4357.0,
                    4521.0,
                    4454.0,
                    4138.0,
                    4004.0,
                    3550.0,
                    3475.0,
                    3568.0,
                    3824.0,
                    4457.0,
                    4737.0,
                    4848.0,
                    5116.0,
                    5310.0,
                    5243.0,
                    4913.0,
                    4823.0,
                    4689.0,
                    4905.0,
                    5119.0,
                    5005.0,
                    5070.0,
                    5250.0,
                    5485.0,
                    5420.0,
                    5542.0,
                    5757.0,
                    5848.0,
                    5908.0,
                    6161.0,
                    6419.0,
                    6548.0,
                    6642.0,
                    6718.0,
                    6937.0,
                    7080.0,
                    7231.0,
                    7273.0,
                    7319.0,
                    7278.0,
                    7372.0,
                    7487.0,
                    7419.0,
                    7286.0,
                    7483.0,
                    7286.0,
                    7485.0,
                    7383.0,
                    7311.0,
                    7261.0,
                    7070.0,
                    7084.0,
                    7060.0,
                    7000.0,
                    7019.0,
                    7139.0,
                    7034.0,
                    7253.0,
                    7429.0,
                    7391.0,
                    7531.0,
                    7653.0,
                    7765.0,
                    7880.0,
                    8049.0,
                    8356.0,
                    8449.0,
                    8811.0,
                    8945.0,
                    9175.0,
                    9475.0,
                    9777.0,
                    9943.0,
                    10237.0,
                    10351.0,
                    10629.0,
                    11066.0,
                    11034.0,
                    11266.0,
                    11611.0,
                    11825.0,
                    11993.0,
                    12250.0,
                    12703.0,
                    12811.0,
                    12896.0,
                    13272.0,
                    13923.0,
                    14465.0,
                    14639.0,
                    14774.0,
                    15186.0,
                    15213.0,
                    15529.0,
                    15563.0,
                    15882.0,
                    15836.0,
                    15986.0,
                    16212.0,
                    16261.0,
                    16407.0,
                    16678.0,
                    16979.0,
                    17281.0,
                    17376.0,
                    17898.0,
                    18239.0,
                    19382.0,
                    21138.0,
                    22740.0,
                    24451.0,
                    24599.0,
                    25042.0,
                    26518.0,
                    27873.0,
                    30231.0,
                    30358.0,
                    30463.0,
                    30896.0,
                    30639.0,
                    30500.0,
                    31030.0,
                    31016.0,
                    31147.0,
                    31059.0,
                    31689.0,
                    32203.0,
                    32251.0,
                    32668.0,
                    33052.0,
                    33632.0,
                    34208.0,
                    34260.0,
                    35087.0,
                    35367.0,
                    36400.0,
                    36666.0,
                    37709.0,
                    38571.0,
                    39163.0,
                    39974.0,
                    40671.0,
                    41635.0,
                    42160.0,
                    42638.0,
                    43805.0,
                    44121.0,
                    44511.0,
                    45441.0,
                    46102.0,
                    46841.0,
                    47645.0,
                    48484.0,
                    49160.0,
                    49985.0,
                    50432.0,
                    51724.0,
                    52127.0,
                    53354.0,
                    54632.0,
                    54792.0,
                    56365.0,
                    56740.0,
                    57544.0,
                    58013.0,
                    58915.0,
                    60138.0,
                    60544.0,
                    61090.0,
                    62562.0,
                    62809.0,
                    63204.0,
                    64058.0,
                    64194.0,
                    65189.0,
                    66010.0,
                    67010.0,
                    68062.0,
                    68880.0,
                    69704.0,
                    69842.0,
                    70003.0,
                    70216.0,
                    70208.0,
                    70077.0,
                    70587.0,
                    70529.0,
                    70971.0,
                    70496.0,
                    70984.0,
                    71005.0,
                    70994.0,
                    71698.0,
                    71962.0,
                    72560.0,
                    72898.0,
                    72694.0,
                    73229.0,
                    73298.0,
                    73277.0,
                    73626.0,
                    73928.0,
                    74702.0,
                    75140.0,
                    75219.0,
                    75691.0,
                    76073.0,
                    76861.0,
                    77302.0,
                    77272.0,
                    77808.0,
                    78824.0,
                    79556.0,
                    80215.0,
                    81042.0,
                    81445.0,
                    82140.0,
                    83361.0,
                    83294.0,
                    84414.0,
                    84830.0,
                    84769.0,
                    86287.0,
                    86771.0,
                    86674.0,
                    87920.0,
                    88394.0,
                    88650.0,
                    89401.0,
                    89494.0,
                    90038.0,
                    90575.0,
                    91594.0,
                    91223.0,
                    92009.0,
                    92816.0,
                    93234.0,
                    92865.0,
                    93455.0,
                    93886.0,
                    94384.0,
                    95432.0,
                    95738.0,
                    95964.0,
                    96144.0,
                    96513.0,
                    96925.0,
                    97259.0,
                    98517.0,
                    98423.0,
                    98243.0,
                    98559.0,
                    98496.0,
                    98604.0,
                    99118.0,
                    99453.0,
                    99351.0,
                    98970.0,
                    99438.0,
                    99592.0,
                    100179.0,
                    99412.0,
                    99718.0,
                    100772.0,
                    100063.0,
                    100758.0,
                    100433.0,
                    100654.0,
                    101138.0,
                    101152.0,
                    100836.0,
                    100967.0,
                    101122.0,
                    101263.0,
                    101389.0,
                    101365.0,
                    101026.0,
                    100990.0,
                    101038.0,
                    102208.0,
                    101781.0,
                    101803.0,
                    102235.0,
                    101686.0,
                    101755.0,
                    102104.0,
                    102195.0,
                    102010.0,
                    102264.0,
                    102969.0,
                    102730.0,
                    102814.0,
                    103265.0,
                    102886.0,
                    103844.0,
                    103677.0,
                    103844.0,
                    104535.0,
                    104227.0,
                    104310.0,
                    103939.0,
                    104582.0,
                    104471.0,
                    105158.0,
                    104949.0,
                    104675.0,
                    104878.0,
                    104741.0,
                    105118.0,
                    104597.0,
                    105244.0,
                    105017.0,
                    104804.0,
                    104513.0,
                    104637.0,
                    105268.0,
                    105152.0,
                    105478.0,
                    105602.0,
                    105595.0,
                    105425.0,
                    105551.0,
                    105855.0,
                    106054.0,
                    106197.0,
                    105966.0,
                    106427.0,
                    106256.0,
                    106916.0,
                    106522.0,
                    107401.0,
                    107291.0,
                    107468.0,
                    107525.0,
                    107652.0,
                    108469.0,
                    108023.0,
                    109011.0,
                    108785.0,
                    108690.0,
                    109309.0,
                    109056.0,
                    109537.0,
                    110101.0,
                    109864.0,
                    111157.0,
                    110506.0,
                    110723.0,
                    111540.0,
                    111542.0,
                    111971.0,
                    112079.0,
                    112736.0,
                    112929.0,
                    112985.0,
                    113788.0,
                    114313.0,
                    113622.0,
                    114449.0,
                    115312.0,
                    114469.0,
                    115759.0,
                    116052.0,
                    115904.0,
                    115986.0,
                    117030.0,
                    117006.0,
                    116997.0,
                    117653.0,
                    117736.0,
                    118028.0,
                    118220.0,
                    118852.0,
                    119330.0,
                    120160.0,
                    121184.0,
                    120370.0,
                    121258.0,
                    121855.0,
                    122702.0,
                    122778.0,
                    123146.0,
                    124144.0,
                    124013.0,
                    124646.0,
                    123936.0,
                    124375.0,
                    124453.0,
                    124201.0,
                    125115.0,
                    124776.0,
                    124628.0,
                    124857.0,
                    124816.0,
                    124258.0,
                    124235.0,
                    124777.0,
                    125262.0,
                    124766.0,
                    124822.0,
                    125052.0,
                    124386.0,
                    124698.0,
                    124358.0,
                    123795.0,
                    123362.0,
                    123247.0,
                    142556.0
                ]
            ],
            "histogram_bins": [
                0.0,
                6.0,
                12.0,
                18.0,
                24.0,
                30.0,
                36.0,
                42.0,
                48.0,
                54.0,
                60.0,
                66.0,
                72.0,
                78.0,
                84.0,
                90.0,
                96.0,
                102.0,
                108.0,
                114.0,
                120.0,
                126.0,
                132.0,
                138.0,
                144.0,
                150.0,
                156.0,
                162.0,
                168.0,
                174.0,
                180.0,
                186.0,
                192.0,
                198.0,
                204.0,
                210.0,
                216.0,
                222.0,
                228.0,
                234.0,
                240.0,
                246.0,
                252.0,
                258.0,
                264.0,
                270.0,
                276.0,
                282.0,
                288.0,
                294.0,
                300.0,
                306.0,
                312.0,
                318.0,
                324.0,
                330.0,
                336.0,
                342.0,
                348.0,
                354.0,
                360.0,
                366.0,
                372.0,
                378.0,
                384.0,
                390.0,
                396.0,
                402.0,
                408.0,
                414.0,
                420.0,
                426.0,
                432.0,
                438.0,
                444.0,
                450.0,
                456.0,
                462.0,
                468.0,
                474.0,
                480.0,
                486.0,
                492.0,
                498.0,
                504.0,
                510.0,
                516.0,
                522.0,
                528.0,
                534.0,
                540.0,
                546.0,
                552.0,
                558.0,
                564.0,
                570.0,
                576.0,
                582.0,
                588.0,
                594.0,
                600.0,
                606.0,
                612.0,
                618.0,
                624.0,
                630.0,
                636.0,
                642.0,
                648.0,
                654.0,
                660.0,
                666.0,
                672.0,
                678.0,
                684.0,
                690.0,
                696.0,
                702.0,
                708.0,
                714.0,
                720.0,
                726.0,
                732.0,
                738.0,
                744.0,
                750.0,
                756.0,
                762.0,
                768.0,
                774.0,
                780.0,
                786.0,
                792.0,
                798.0,
                804.0,
                810.0,
                816.0,
                822.0,
                828.0,
                834.0,
                840.0,
                846.0,
                852.0,
                858.0,
                864.0,
                870.0,
                876.0,
                882.0,
                888.0,
                894.0,
                900.0,
                906.0,
                912.0,
                918.0,
                924.0,
                930.0,
                936.0,
                942.0,
                948.0,
                954.0,
                960.0,
                966.0,
                972.0,
                978.0,
                984.0,
                990.0,
                996.0,
                1002.0,
                1008.0,
                1014.0,
                1020.0,
                1026.0,
                1032.0,
                1038.0,
                1044.0,
                1050.0,
                1056.0,
                1062.0,
                1068.0,
                1074.0,
                1080.0,
                1086.0,
                1092.0,
                1098.0,
                1104.0,
                1110.0,
                1116.0,
                1122.0,
                1128.0,
                1134.0,
                1140.0,
                1146.0,
                1152.0,
                1158.0,
                1164.0,
                1170.0,
                1176.0,
                1182.0,
                1188.0,
                1194.0,
                1200.0,
                1206.0,
                1212.0,
                1218.0,
                1224.0,
                1230.0,
                1236.0,
                1242.0,
                1248.0,
                1254.0,
                1260.0,
                1266.0,
                1272.0,
                1278.0,
                1284.0,
                1290.0,
                1296.0,
                1302.0,
                1308.0,
                1314.0,
                1320.0,
                1326.0,
                1332.0,
                1338.0,
                1344.0,
                1350.0,
                1356.0,
                1362.0,
                1368.0,
                1374.0,
                1380.0,
                1386.0,
                1392.0,
                1398.0,
                1404.0,
                1410.0,
                1416.0,
                1422.0,
                1428.0,
                1434.0,
                1440.0,
                1446.0,
                1452.0,
                1458.0,
                1464.0,
                1470.0,
                1476.0,
                1482.0,
                1488.0,
                1494.0,
                1500.0,
                1506.0,
                1512.0,
                1518.0,
                1524.0,
                1530.0,
                1536.0,
                1542.0,
                1548.0,
                1554.0,
                1560.0,
                1566.0,
                1572.0,
                1578.0,
                1584.0,
                1590.0,
                1596.0,
                1602.0,
                1608.0,
                1614.0,
                1620.0,
                1626.0,
                1632.0,
                1638.0,
                1644.0,
                1650.0,
                1656.0,
                1662.0,
                1668.0,
                1674.0,
                1680.0,
                1686.0,
                1692.0,
                1698.0,
                1704.0,
                1710.0,
                1716.0,
                1722.0,
                1728.0,
                1734.0,
                1740.0,
                1746.0,
                1752.0,
                1758.0,
                1764.0,
                1770.0,
                1776.0,
                1782.0,
                1788.0,
                1794.0,
                1800.0,
                1806.0,
                1812.0,
                1818.0,
                1824.0,
                1830.0,
                1836.0,
                1842.0,
                1848.0,
                1854.0,
                1860.0,
                1866.0,
                1872.0,
                1878.0,
                1884.0,
                1890.0,
                1896.0,
                1902.0,
                1908.0,
                1914.0,
                1920.0,
                1926.0,
                1932.0,
                1938.0,
                1944.0,
                1950.0,
                1956.0,
                1962.0,
                1968.0,
                1974.0,
                1980.0,
                1986.0,
                1992.0,
                1998.0,
                2004.0,
                2010.0,
                2016.0,
                2022.0,
                2028.0,
                2034.0,
                2040.0,
                2046.0,
                2052.0,
                2058.0,
                2064.0,
                2070.0,
                2076.0,
                2082.0,
                2088.0,
                2094.0,
                2100.0,
                2106.0,
                2112.0,
                2118.0,
                2124.0,
                2130.0,
                2136.0,
                2142.0,
                2148.0,
                2154.0,
                2160.0,
                2166.0,
                2172.0,
                2178.0,
                2184.0,
                2190.0,
                2196.0,
                2202.0,
                2208.0,
                2214.0,
                2220.0,
                2226.0,
                2232.0,
                2238.0,
                2244.0,
                2250.0,
                2256.0,
                2262.0,
                2268.0,
                2274.0,
                2280.0,
                2286.0,
                2292.0,
                2298.0,
                2304.0,
                2310.0,
                2316.0,
                2322.0,
                2328.0,
                2334.0,
                2340.0,
                2346.0,
                2352.0,
                2358.0,
                2364.0,
                2370.0,
                2376.0,
                2382.0,
                2388.0,
                2394.0,
                2400.0,
                2406.0,
                2412.0,
                2418.0,
                2424.0,
                2430.0,
                2436.0,
                2442.0,
                2448.0,
                2454.0,
                2460.0,
                2466.0,
                2472.0,
                2478.0,
                2484.0,
                2490.0,
                2496.0,
                2502.0,
                2508.0,
                2514.0,
                2520.0,
                2526.0,
                2532.0,
                2538.0,
                2544.0,
                2550.0,
                2556.0,
                2562.0,
                2568.0,
                2574.0,
                2580.0,
                2586.0,
                2592.0,
                2598.0,
                2604.0,
                2610.0,
                2616.0,
                2622.0,
                2628.0,
                2634.0,
                2640.0,
                2646.0,
                2652.0,
                2658.0,
                2664.0,
                2670.0,
                2676.0,
                2682.0,
                2688.0,
                2694.0,
                2700.0,
                2706.0,
                2712.0,
                2718.0,
                2724.0,
                2730.0,
                2736.0,
                2742.0,
                2748.0,
                2754.0,
                2760.0,
                2766.0,
                2772.0,
                2778.0,
                2784.0,
                2790.0,
                2796.0,
                2802.0,
                2808.0,
                2814.0,
                2820.0,
                2826.0,
                2832.0,
                2838.0,
                2844.0,
                2850.0,
                2856.0,
                2862.0,
                2868.0,
                2874.0,
                2880.0,
                2886.0,
                2892.0,
                2898.0,
                2904.0,
                2910.0,
                2916.0,
                2922.0,
                2928.0,
                2934.0,
                2940.0,
                2946.0,
                2952.0,
                2958.0,
                2964.0,
                2970.0,
                2976.0,
                2982.0,
                2988.0,
                2994.0,
                3000.0
            ],
            "pct_02": null,
            "pct_98": null
        }
    },
    "target_stats": {
        "pixel_counts": [
            32291980.0,
            17084566.0,
            1544117.0
        ],
        "pixel_distribution": [
            0.6038437485694885,
            0.3194727897644043,
            0.028874211013317108
        ],
        "class_presence_counts": [
            762.0,
            679.0,
            680.0
        ],
        "class_presence_ratio": [
            0.9338235259056091,
            0.8321078419685364,
            0.8333333134651184
        ],
        "total_pixels": 53477376,
        "total_images": 816,
        "num_classes": 3
    }
}