{
    "input_stats": {
        "image": {
            "band_names": [
                "gray"
            ],
            "mean": [
                62.682498931884766
            ],
            "std": [
                79.8001937866211
            ],
            "var": [
                6368.0712890625
            ],
            "min": [
                0.0
            ],
            "max": [
                255.0
            ],
            "count": 816.0,
            "histograms": [
                [
                    62241396.0,
                    1933641.0,
                    0.0,
                    2043106.0,
                    0.0,
                    2065783.0,
                    0.0,
                    2049229.0,
                    0.0,
                    2008504.0,
                    0.0,
                    1964273.0,
                    0.0,
                    1913828.0,
                    0.0,
                    1868771.0,
                    0.0,
                    1823581.0,
                    0.0,
                    1780538.0,
                    0.0,
                    1740041.0,
                    0.0,
                    1702446.0,
                    0.0,
                    1666334.0,
                    0.0,
                    1634051.0,
                    0.0,
                    1602011.0,
                    0.0,
                    1568774.0,
                    0.0,
                    1540548.0,
                    0.0,
                    1510235.0,
                    0.0,
                    1483184.0,
                    0.0,
                    1455391.0,
                    0.0,
                    1427426.0,
                    0.0,
                    1405557.0,
                    0.0,
                    1379627.0,
                    0.0,
                    1353798.0,
                    0.0,
                    1332882.0,
                    1306381.0,
                    0.0,
                    1287800.0,
                    0.0,
                    1263883.0,
                    0.0,
                    1242770.0,
                    0.0,
                    1221191.0,
                    0.0,
                    1200661.0,
                    0.0,
                    1183612.0,
                    0.0,
                    1162944.0,
                    0.0,
                    1141201.0,
                    0.0,
                    1123481.0,
                    0.0,
                    1105339.0,
                    0.0,
                    1089278.0,
                    0.0,
                    1069562.0,
                    0.0,
                    1052560.0,
                    0.0,
                    1037059.0,
                    0.0,
                    1019744.0,
                    0.0,
                    1005259.0,
                    0.0,
                    989007.0,
                    0.0,
                    972941.0,
                    0.0,
                    960114.0,
                    0.0,
                    945013.0,
                    0.0,
                    930801.0,
                    0.0,
                    916897.0,
                    0.0,
                    903018.0,
                    0.0,
                    888399.0,
                    0.0,
                    874954.0,
                    863739.0,
                    0.0,
                    851270.0,
                    0.0,
                    837481.0,
                    0.0,
                    826256.0,
                    0.0,
                    814591.0,
                    0.0,
                    804268.0,
                    0.0,
                    791580.0,
                    0.0,
                    780336.0,
                    0.0,
                    768720.0,
                    0.0,
                    757436.0,
                    0.0,
                    749113.0,
                    0.0,
                    737980.0,
                    0.0,
                    726597.0,
                    0.0,
                    717009.0,
                    0.0,
                    706674.0,
                    0.0,
                    697806.0,
                    0.0,
                    688013.0,
                    0.0,
                    678779.0,
                    0.0,
                    669567.0,
                    0.0,
                    661008.0,
                    0.0,
                    652181.0,
                    0.0,
                    643508.0,
                    0.0,
                    635631.0,
                    0.0,
                    626959.0,
                    0.0,
                    618916.0,
                    610460.0,
                    0.0,
                    602431.0,
                    0.0,
                    594388.0,
                    0.0,
                    588284.0,
                    0.0,
                    579008.0,
                    0.0,
                    571515.0,
                    0.0,
                    564648.0,
                    0.0,
                    555716.0,
                    0.0,
                    551317.0,
                    0.0,
                    542948.0,
                    0.0,
                    536879.0,
                    0.0,
                    529421.0,
                    0.0,
                    524152.0,
                    0.0,
                    516842.0,
                    0.0,
                    509396.0,
                    0.0,
                    502990.0,
                    0.0,
                    497733.0,
                    0.0,
                    491721.0,
                    0.0,
                    485667.0,
                    0.0,
                    480054.0,
                    0.0,
                    473201.0,
                    0.0,
                    467397.0,
                    0.0,
                    463054.0,
                    0.0,
                    455508.0,
                    0.0,
                    450975.0,
                    0.0,
                    447059.0,
                    439929.0,
                    0.0,
                    435010.0,
                    0.0,
                    429916.0,
                    0.0,
                    425215.0,
                    0.0,
                    418967.0,
                    0.0,
                    416153.0,
                    0.0,
                    409544.0,
                    0.0,
                    405660.0,
                    0.0,
                    400691.0,
                    0.0,
                    396168.0,
                    0.0,
                    390547.0,
                    0.0,
                    387571.0,
                    0.0,
                    382361.0,
                    0.0,
                    377680.0,
                    0.0,
                    373640.0,
                    0.0,
                    369747.0,
                    0.0,
                    365650.0,
                    0.0,
                    360290.0,
                    0.0,
                    357349.0,
                    0.0,
                    353062.0,
                    0.0,
                    348410.0,
                    0.0,
                    346063.0,
                    0.0,
                    341372.0,
                    0.0,
                    336954.0,
                    0.0,
                    333520.0,
                    329785.0,
                    0.0,
                    327182.0,
                    0.0,
                    322291.0,
                    0.0,
                    319842.0,
                    0.0,
                    316649.0,
                    0.0,
                    311602.0,
                    0.0,
                    308785.0,
                    0.0,
                    306121.0,
                    0.0,
                    302487.0,
                    0.0,
                    299025.0,
                    0.0,
                    295056.0,
                    0.0,
                    292107.0,
                    0.0,
                    289532.0,
                    0.0,
                    285843.0,
                    0.0,
                    284102.0,
                    0.0,
                    281524.0,
                    0.0,
                    277698.0,
                    0.0,
                    274544.0,
                    0.0,
                    271116.0,
                    0.0,
                    269176.0,
                    0.0,
                    266496.0,
                    0.0,
                    262112.0,
                    0.0,
                    259275.0,
                    0.0,
                    257155.0,
                    0.0,
                    254948.0,
                    0.0,
                    252435.0,
                    248759.0,
                    0.0,
                    246833.0,
                    0.0,
                    244667.0,
                    0.0,
                    241758.0,
                    0.0,
                    239186.0,
                    0.0,
                    237603.0,
                    0.0,
                    234485.0,
                    0.0,
                    231510.0,
                    0.0,
                    230078.0,
                    0.0,
                    228048.0,
                    0.0,
                    224389.0,
                    0.0,
                    222165.0,
                    0.0,
                    221539.0,
                    0.0,
                    218806.0,
                    0.0,
                    216172.0,
                    0.0,
                    214124.0,
                    0.0,
                    211748.0,
                    0.0,
                    208899.0,
                    0.0,
                    207457.0,
                    0.0,
                    206763.0,
                    0.0,
                    203919.0,
                    0.0,
                    201285.0,
                    0.0,
                    199484.0,
                    0.0,
                    198358.0,
                    0.0,
                    195309.0,
                    194700.0,
                    0.0,
                    192649.0,
                    0.0,
                    190567.0,
                    0.0,
                    188283.0,
                    0.0,
                    186803.0,
                    0.0,
                    184907.0,
                    0.0,
                    182953.0,
                    0.0,
                    181397.0,
                    0.0,
                    179838.0,
                    0.0,
                    178043.0,
                    0.0,
                    176355.0,
                    0.0,
                    174897.0,
                    0.0,
                    172236.0,
                    0.0,
                    171763.0,
                    0.0,
                    169287.0,
                    0.0,
                    168520.0,
                    0.0,
                    166046.0,
                    0.0,
                    164359.0,
                    0.0,
                    163090.0,
                    0.0,
                    162002.0,
                    0.0,
                    159933.0,
                    0.0,
                    158930.0,
                    0.0,
                    157063.0,
                    0.0,
                    156289.0,
                    0.0,
                    154407.0,
                    0.0,
                    152825.0,
                    152480.0,
                    0.0,
                    150573.0,
                    0.0,
                    149075.0,
                    0.0,
                    147828.0,
                    0.0,
                    145622.0,
                    0.0,
                    144584.0,
                    0.0,
                    143638.0,
                    0.0,
                    141965.0,
                    0.0,
                    141635.0,
                    0.0,
                    139698.0,
                    0.0,
                    138844.0,
                    0.0,
                    138198.0,
                    0.0,
                    136161.0,
                    0.0,
                    135527.0,
                    0.0,
                    134020.0,
                    0.0,
                    132763.0,
                    0.0,
                    131534.0,
                    0.0,
                    130487.0,
                    0.0,
                    129467.0,
                    0.0,
                    128518.0,
                    0.0,
                    126797.0,
                    0.0,
                    127203.0,
                    0.0,
                    125269.0,
                    0.0,
                    124660.0,
                    0.0,
                    122603.0,
                    122072.0,
                    0.0,
                    121451.0,
                    0.0,
                    120184.0,
                    0.0,
                    118829.0,
                    0.0,
                    117583.0,
                    0.0,
                    117025.0,
                    0.0,
                    115637.0,
                    0.0,
                    115432.0,
                    0.0,
                    113455.0,
                    0.0,
                    112650.0,
                    0.0,
                    111960.0,
                    0.0,
                    110986.0,
                    0.0,
                    110225.0,
                    0.0,
                    108835.0,
                    0.0,
                    108022.0,
                    0.0,
                    107300.0,
                    0.0,
                    106327.0,
                    0.0,
                    105395.0,
                    0.0,
                    104430.0,
                    0.0,
                    104515.0,
                    0.0,
                    103413.0,
                    0.0,
                    101554.0,
                    0.0,
                    101006.0,
                    0.0,
                    100919.0,
                    0.0,
                    99557.0,
                    16304740.0
                ]
            ],
            "histogram_bins": [
                0.0,
                0.5099999904632568,
                1.0199999809265137,
                1.5299999713897705,
                2.0399999618530273,
                2.549999952316284,
                3.059999942779541,
                3.569999933242798,
                4.079999923706055,
                4.590000152587891,
                5.099999904632568,
                5.609999656677246,
                6.119999885559082,
                6.630000114440918,
                7.139999866485596,
                7.649999618530273,
                8.15999984741211,
                8.670000076293945,
                9.180000305175781,
                9.6899995803833,
                10.199999809265137,
                10.710000038146973,
                11.219999313354492,
                11.729999542236328,
                12.239999771118164,
                12.75,
                13.260000228881836,
                13.769999504089355,
                14.279999732971191,
                14.789999961853027,
                15.299999237060547,
                15.809999465942383,
                16.31999969482422,
                16.829999923706055,
                17.34000015258789,
                17.850000381469727,
                18.360000610351562,
                18.869998931884766,
                19.3799991607666,
                19.889999389648438,
                20.399999618530273,
                20.90999984741211,
                21.420000076293945,
                21.93000030517578,
                22.439998626708984,
                22.94999885559082,
                23.459999084472656,
                23.969999313354492,
                24.479999542236328,
                24.989999771118164,
                25.5,
                26.010000228881836,
                26.520000457763672,
                27.029998779296875,
                27.53999900817871,
                28.049999237060547,
                28.559999465942383,
                29.06999969482422,
                29.579999923706055,
                30.09000015258789,
                30.599998474121094,
                31.10999870300293,
                31.619998931884766,
                32.130001068115234,
                32.63999938964844,
                33.14999771118164,
                33.65999984741211,
                34.16999816894531,
                34.68000030517578,
                35.189998626708984,
                35.70000076293945,
                36.209999084472656,
                36.720001220703125,
                37.22999954223633,
                37.73999786376953,
                38.25,
                38.7599983215332,
                39.27000045776367,
                39.779998779296875,
                40.290000915527344,
                40.79999923706055,
                41.30999755859375,
                41.81999969482422,
                42.32999801635742,
                42.84000015258789,
                43.349998474121094,
                43.86000061035156,
                44.369998931884766,
                44.87999725341797,
                45.38999938964844,
                45.89999771118164,
                46.40999984741211,
                46.91999816894531,
                47.43000030517578,
                47.939998626708984,
                48.45000076293945,
                48.959999084472656,
                49.46999740600586,
                49.97999954223633,
                50.48999786376953,
                51.0,
                51.5099983215332,
                52.02000045776367,
                52.529998779296875,
                53.040000915527344,
                53.54999923706055,
                54.05999755859375,
                54.56999969482422,
                55.07999801635742,
                55.59000015258789,
                56.099998474121094,
                56.61000061035156,
                57.119998931884766,
                57.62999725341797,
                58.13999938964844,
                58.64999771118164,
                59.15999984741211,
                59.66999816894531,
                60.18000030517578,
                60.689998626708984,
                61.19999694824219,
                61.709999084472656,
                62.21999740600586,
                62.72999954223633,
                63.23999786376953,
                63.75,
                64.26000213623047,
                64.7699966430664,
                65.27999877929688,
                65.79000091552734,
                66.29999542236328,
                66.80999755859375,
                67.31999969482422,
                67.83000183105469,
                68.33999633789062,
                68.8499984741211,
                69.36000061035156,
                69.8699951171875,
                70.37999725341797,
                70.88999938964844,
                71.4000015258789,
                71.90999603271484,
                72.41999816894531,
                72.93000030517578,
                73.44000244140625,
                73.94999694824219,
                74.45999908447266,
                74.97000122070312,
                75.47999572753906,
                75.98999786376953,
                76.5,
                77.01000213623047,
                77.5199966430664,
                78.02999877929688,
                78.54000091552734,
                79.04999542236328,
                79.55999755859375,
                80.06999969482422,
                80.58000183105469,
                81.08999633789062,
                81.5999984741211,
                82.11000061035156,
                82.6199951171875,
                83.12999725341797,
                83.63999938964844,
                84.1500015258789,
                84.65999603271484,
                85.16999816894531,
                85.68000030517578,
                86.18999481201172,
                86.69999694824219,
                87.20999908447266,
                87.72000122070312,
                88.22999572753906,
                88.73999786376953,
                89.25,
                89.75999450683594,
                90.2699966430664,
                90.77999877929688,
                91.29000091552734,
                91.79999542236328,
                92.30999755859375,
                92.81999969482422,
                93.33000183105469,
                93.83999633789062,
                94.3499984741211,
                94.86000061035156,
                95.3699951171875,
                95.87999725341797,
                96.38999938964844,
                96.9000015258789,
                97.40999603271484,
                97.91999816894531,
                98.43000030517578,
                98.93999481201172,
                99.44999694824219,
                99.95999908447266,
                100.47000122070312,
                100.97999572753906,
                101.48999786376953,
                102.0,
                102.50999450683594,
                103.0199966430664,
                103.52999877929688,
                104.04000091552734,
                104.54999542236328,
                105.05999755859375,
                105.56999969482422,
                106.08000183105469,
                106.58999633789062,
                107.0999984741211,
                107.61000061035156,
                108.1199951171875,
                108.62999725341797,
                109.13999938964844,
                109.6500015258789,
                110.15999603271484,
                110.66999816894531,
                111.18000030517578,
                111.68999481201172,
                112.19999694824219,
                112.70999908447266,
                113.22000122070312,
                113.72999572753906,
                114.23999786376953,
                114.75,
                115.25999450683594,
                115.7699966430664,
                116.27999877929688,
                116.79000091552734,
                117.29999542236328,
                117.80999755859375,
                118.31999969482422,
                118.82999420166016,
                119.33999633789062,
                119.8499984741211,
                120.36000061035156,
                120.8699951171875,
                121.37999725341797,
                121.88999938964844,
                122.39999389648438,
                122.90999603271484,
                123.41999816894531,
                123.93000030517578,
                124.43999481201172,
                124.94999694824219,
                125.45999908447266,
                125.97000122070312,
                126.47999572753906,
                126.98999786376953,
                127.5,
                128.010009765625,
                128.52000427246094,
                129.02999877929688,
                129.54000854492188,
                130.0500030517578,
                130.55999755859375,
                131.07000732421875,
                131.5800018310547,
                132.08999633789062,
                132.60000610351562,
                133.11000061035156,
                133.6199951171875,
                134.1300048828125,
                134.63999938964844,
                135.15000915527344,
                135.66000366210938,
                136.1699981689453,
                136.6800079345703,
                137.19000244140625,
                137.6999969482422,
                138.2100067138672,
                138.72000122070312,
                139.22999572753906,
                139.74000549316406,
                140.25,
                140.760009765625,
                141.27000427246094,
                141.77999877929688,
                142.29000854492188,
                142.8000030517578,
                143.30999755859375,
                143.82000732421875,
                144.3300018310547,
                144.83999633789062,
                145.35000610351562,
                145.86000061035156,
                146.3699951171875,
                146.8800048828125,
                147.38999938964844,
                147.90000915527344,
                148.41000366210938,
                148.9199981689453,
                149.4300079345703,
                149.94000244140625,
                150.4499969482422,
                150.9600067138672,
                151.47000122070312,
                151.97999572753906,
                152.49000549316406,
                153.0,
                153.50999450683594,
                154.02000427246094,
                154.52999877929688,
                155.04000854492188,
                155.5500030517578,
                156.05999755859375,
                156.57000732421875,
                157.0800018310547,
                157.58999633789062,
                158.10000610351562,
                158.61000061035156,
                159.1199951171875,
                159.6300048828125,
                160.13999938964844,
                160.65000915527344,
                161.16000366210938,
                161.6699981689453,
                162.1800079345703,
                162.69000244140625,
                163.1999969482422,
                163.7100067138672,
                164.22000122070312,
                164.72999572753906,
                165.24000549316406,
                165.75,
                166.25999450683594,
                166.77000427246094,
                167.27999877929688,
                167.79000854492188,
                168.3000030517578,
                168.80999755859375,
                169.32000732421875,
                169.8300018310547,
                170.33999633789062,
                170.85000610351562,
                171.36000061035156,
                171.8699951171875,
                172.3800048828125,
                172.88999938964844,
                173.39999389648438,
                173.91000366210938,
                174.4199981689453,
                174.9300079345703,
                175.44000244140625,
                175.9499969482422,
                176.4600067138672,
                176.97000122070312,
                177.47999572753906,
                177.99000549316406,
                178.5,
                179.00999450683594,
                179.52000427246094,
                180.02999877929688,
                180.54000854492188,
                181.0500030517578,
                181.55999755859375,
                182.07000732421875,
                182.5800018310547,
                183.08999633789062,
                183.60000610351562,
                184.11000061035156,
                184.6199951171875,
                185.1300048828125,
                185.63999938964844,
                186.14999389648438,
                186.66000366210938,
                187.1699981689453,
                187.6800079345703,
                188.19000244140625,
                188.6999969482422,
                189.2100067138672,
                189.72000122070312,
                190.22999572753906,
                190.74000549316406,
                191.25,
                191.75999450683594,
                192.27000427246094,
                192.77999877929688,
                193.29000854492188,
                193.8000030517578,
                194.30999755859375,
                194.82000732421875,
                195.3300018310547,
                195.83999633789062,
                196.35000610351562,
                196.86000061035156,
                197.3699951171875,
                197.8800048828125,
                198.38999938964844,
                198.89999389648438,
                199.41000366210938,
                199.9199981689453,
                200.4300079345703,
                200.94000244140625,
                201.4499969482422,
                201.9600067138672,
                202.47000122070312,
                202.97999572753906,
                203.49000549316406,
                204.0,
                204.50999450683594,
                205.02000427246094,
                205.52999877929688,
                206.04000854492188,
                206.5500030517578,
                207.05999755859375,
                207.57000732421875,
                208.0800018310547,
                208.58999633789062,
                209.10000610351562,
                209.61000061035156,
                210.1199951171875,
                210.6300048828125,
                211.13999938964844,
                211.64999389648438,
                212.16000366210938,
                212.6699981689453,
                213.1800079345703,
                213.69000244140625,
                214.1999969482422,
                214.7100067138672,
                215.22000122070312,
                215.72999572753906,
                216.24000549316406,
                216.75,
                217.25999450683594,
                217.77000427246094,
                218.27999877929688,
                218.7899932861328,
                219.3000030517578,
                219.80999755859375,
                220.32000732421875,
                220.8300018310547,
                221.33999633789062,
                221.85000610351562,
                222.36000061035156,
                222.8699951171875,
                223.3800048828125,
                223.88999938964844,
                224.39999389648438,
                224.91000366210938,
                225.4199981689453,
                225.9300079345703,
                226.44000244140625,
                226.9499969482422,
                227.4600067138672,
                227.97000122070312,
                228.47999572753906,
                228.99000549316406,
                229.5,
                230.00999450683594,
                230.52000427246094,
                231.02999877929688,
                231.5399932861328,
                232.0500030517578,
                232.55999755859375,
                233.07000732421875,
                233.5800018310547,
                234.08999633789062,
                234.60000610351562,
                235.11000061035156,
                235.6199951171875,
                236.1300048828125,
                236.63999938964844,
                237.14999389648438,
                237.66000366210938,
                238.1699981689453,
                238.67999267578125,
                239.19000244140625,
                239.6999969482422,
                240.2100067138672,
                240.72000122070312,
                241.22999572753906,
                241.74000549316406,
                242.25,
                242.75999450683594,
                243.27000427246094,
                243.77999877929688,
                244.2899932861328,
                244.8000030517578,
                245.30999755859375,
                245.82000732421875,
                246.3300018310547,
                246.83999633789062,
                247.35000610351562,
                247.86000061035156,
                248.3699951171875,
                248.8800048828125,
                249.38999938964844,
                249.89999389648438,
                250.41000366210938,
                250.9199981689453,
                251.42999267578125,
                251.94000244140625,
                252.4499969482422,
                252.9600067138672,
                253.47000122070312,
                253.97999572753906,
                254.49000549316406,
                255.0
            ],
            "pct_02": null,
            "pct_98": null
        }
    },
    "target_stats": {
        "pixel_counts": [
            55406912.0,
            17266764.0,
            101256608.0,
            39979168.0
        ],
        "pixel_distribution": [
            0.2590203285217285,
            0.0807199478149414,
            0.47336187958717346,
            0.18689757585525513
        ],
        "class_presence_counts": [
            511.0,
            426.0,
            717.0,
            315.0
        ],
        "class_presence_ratio": [
            0.626225471496582,
            0.5220588445663452,
            0.8786764740943909,
            0.3860294222831726
        ],
        "total_pixels": 213909504,
        "total_images": 816,
        "num_classes": 4
    }
}