{
    "input_stats": {
        "image": {
            "band_names": [
                "r",
                "g",
                "b",
                "nir",
                "elevation"
            ],
            "mean": [
                110.30502319335938,
                114.79083251953125,
                105.6126937866211,
                104.3409194946289,
                17.69650650024414
            ],
            "std": [
                50.71001052856445,
                44.31645584106445,
                43.294822692871094,
                39.049617767333984,
                29.94267463684082
            ],
            "var": [
                2571.505126953125,
                1963.9481201171875,
                1874.4415283203125,
                1524.87255859375,
                896.563720703125
            ],
            "min": [
                0.0,
                0.0,
                0.0,
                0.0,
                0.0
            ],
            "max": [
                255.0,
                255.0,
                255.0,
                255.0,
                255.0
            ],
            "count": 816.0,
            "histograms": [
                [
                    184324.0,
                    0.0,
                    0.0,
                    0.0,
                    0.0,
                    0.0,
                    0.0,
                    2.0,
                    0.0,
                    4.0,
                    0.0,
                    2.0,
                    0.0,
                    5.0,
                    0.0,
                    8.0,
                    0.0,
                    14.0,
                    0.0,
                    17.0,
                    0.0,
                    19.0,
                    0.0,
                    50.0,
                    0.0,
                    96.0,
                    0.0,
                    157.0,
                    0.0,
                    498.0,
                    0.0,
                    811.0,
                    0.0,
                    2560.0,
                    0.0,
                    4054.0,
                    0.0,
                    11759.0,
                    0.0,
                    32881.0,
                    0.0,
                    55705.0,
                    0.0,
                    141447.0,
                    0.0,
                    120416.0,
                    0.0,
                    166034.0,
                    0.0,
                    210488.0,
                    224031.0,
                    0.0,
                    256340.0,
                    0.0,
                    313853.0,
                    0.0,
                    594906.0,
                    0.0,
                    649135.0,
                    0.0,
                    721505.0,
                    0.0,
                    1408463.0,
                    0.0,
                    0.0,
                    0.0,
                    671073.0,
                    0.0,
                    838287.0,
                    0.0,
                    2660174.0,
                    0.0,
                    0.0,
                    0.0,
                    1308522.0,
                    0.0,
                    1184319.0,
                    0.0,
                    2367560.0,
                    0.0,
                    0.0,
                    0.0,
                    1421255.0,
                    0.0,
                    1282486.0,
                    0.0,
                    2325577.0,
                    0.0,
                    0.0,
                    0.0,
                    1631032.0,
                    0.0,
                    1517411.0,
                    0.0,
                    2940367.0,
                    0.0,
                    0.0,
                    0.0,
                    1332153.0,
                    0.0,
                    1740575.0,
                    3017961.0,
                    0.0,
                    0.0,
                    0.0,
                    1732094.0,
                    0.0,
                    1400211.0,
                    0.0,
                    3410511.0,
                    0.0,
                    0.0,
                    0.0,
                    1684446.0,
                    0.0,
                    1705826.0,
                    0.0,
                    2961683.0,
                    0.0,
                    0.0,
                    0.0,
                    1569785.0,
                    0.0,
                    1756731.0,
                    0.0,
                    1479748.0,
                    0.0,
                    2625032.0,
                    0.0,
                    0.0,
                    0.0,
                    1421314.0,
                    0.0,
                    1698925.0,
                    0.0,
                    1398417.0,
                    0.0,
                    1409819.0,
                    0.0,
                    1700265.0,
                    0.0,
                    1641837.0,
                    0.0,
                    2604568.0,
                    0.0,
                    0.0,
                    0.0,
                    1650715.0,
                    0.0,
                    1432718.0,
                    1436083.0,
                    0.0,
                    1442917.0,
                    0.0,
                    1329631.0,
                    0.0,
                    1417084.0,
                    0.0,
                    2873118.0,
                    0.0,
                    0.0,
                    0.0,
                    1169824.0,
                    0.0,
                    1376478.0,
                    0.0,
                    1276449.0,
                    0.0,
                    1591424.0,
                    0.0,
                    1233622.0,
                    0.0,
                    1206929.0,
                    0.0,
                    3097035.0,
                    0.0,
                    0.0,
                    0.0,
                    1347447.0,
                    0.0,
                    1231104.0,
                    0.0,
                    1229807.0,
                    0.0,
                    1343419.0,
                    0.0,
                    1379585.0,
                    0.0,
                    1468002.0,
                    0.0,
                    2467244.0,
                    0.0,
                    0.0,
                    0.0,
                    1360582.0,
                    0.0,
                    1351540.0,
                    0.0,
                    1436606.0,
                    0.0,
                    1311384.0,
                    1207681.0,
                    0.0,
                    1259868.0,
                    0.0,
                    2533689.0,
                    0.0,
                    0.0,
                    0.0,
                    1298295.0,
                    0.0,
                    1631550.0,
                    0.0,
                    1145664.0,
                    0.0,
                    1264542.0,
                    0.0,
                    1467084.0,
                    0.0,
                    1177957.0,
                    0.0,
                    2590112.0,
                    0.0,
                    0.0,
                    0.0,
                    1391561.0,
                    0.0,
                    1096825.0,
                    0.0,
                    1423511.0,
                    0.0,
                    1405523.0,
                    0.0,
                    1314720.0,
                    0.0,
                    1441684.0,
                    0.0,
                    2910188.0,
                    0.0,
                    0.0,
                    0.0,
                    1343939.0,
                    0.0,
                    1567599.0,
                    0.0,
                    1241727.0,
                    0.0,
                    1560433.0,
                    0.0,
                    1516377.0,
                    1327121.0,
                    0.0,
                    1443726.0,
                    0.0,
                    1220600.0,
                    0.0,
                    2625643.0,
                    0.0,
                    0.0,
                    0.0,
                    1448631.0,
                    0.0,
                    1253838.0,
                    0.0,
                    1263996.0,
                    0.0,
                    1393955.0,
                    0.0,
                    1189903.0,
                    0.0,
                    1345956.0,
                    0.0,
                    1111193.0,
                    0.0,
                    1112589.0,
                    0.0,
                    1220701.0,
                    0.0,
                    1069511.0,
                    0.0,
                    1175707.0,
                    0.0,
                    1281050.0,
                    0.0,
                    1326001.0,
                    0.0,
                    1031424.0,
                    0.0,
                    2538967.0,
                    0.0,
                    0.0,
                    0.0,
                    1066473.0,
                    0.0,
                    1201860.0,
                    0.0,
                    847377.0,
                    0.0,
                    1041689.0,
                    0.0,
                    1226441.0,
                    1070447.0,
                    0.0,
                    1084962.0,
                    0.0,
                    972198.0,
                    0.0,
                    983625.0,
                    0.0,
                    817203.0,
                    0.0,
                    943326.0,
                    0.0,
                    989632.0,
                    0.0,
                    781113.0,
                    0.0,
                    858253.0,
                    0.0,
                    1711266.0,
                    0.0,
                    0.0,
                    0.0,
                    852061.0,
                    0.0,
                    972483.0,
                    0.0,
                    840654.0,
                    0.0,
                    928728.0,
                    0.0,
                    918418.0,
                    0.0,
                    928513.0,
                    0.0,
                    795861.0,
                    0.0,
                    893432.0,
                    0.0,
                    933311.0,
                    0.0,
                    904566.0,
                    0.0,
                    914887.0,
                    0.0,
                    874701.0,
                    0.0,
                    773558.0,
                    0.0,
                    824101.0,
                    1608259.0,
                    0.0,
                    0.0,
                    0.0,
                    882489.0,
                    0.0,
                    752946.0,
                    0.0,
                    761195.0,
                    0.0,
                    726215.0,
                    0.0,
                    689994.0,
                    0.0,
                    660182.0,
                    0.0,
                    641742.0,
                    0.0,
                    659757.0,
                    0.0,
                    658470.0,
                    0.0,
                    634963.0,
                    0.0,
                    550497.0,
                    0.0,
                    518473.0,
                    0.0,
                    511501.0,
                    0.0,
                    457636.0,
                    0.0,
                    891982.0,
                    0.0,
                    0.0,
                    0.0,
                    449252.0,
                    0.0,
                    447647.0,
                    0.0,
                    417896.0,
                    0.0,
                    462619.0,
                    0.0,
                    444469.0,
                    0.0,
                    428918.0,
                    0.0,
                    358984.0,
                    0.0,
                    401526.0,
                    410577.0,
                    0.0,
                    332752.0,
                    0.0,
                    384407.0,
                    0.0,
                    385188.0,
                    0.0,
                    321067.0,
                    0.0,
                    320923.0,
                    0.0,
                    602329.0,
                    0.0,
                    0.0,
                    0.0,
                    291796.0,
                    0.0,
                    282882.0,
                    0.0,
                    255845.0,
                    0.0,
                    227832.0,
                    0.0,
                    237008.0,
                    0.0,
                    226019.0,
                    0.0,
                    228955.0,
                    0.0,
                    235874.0,
                    0.0,
                    215328.0,
                    0.0,
                    212276.0,
                    0.0,
                    183014.0,
                    0.0,
                    222744.0,
                    0.0,
                    186356.0,
                    0.0,
                    185679.0,
                    0.0,
                    341589.0,
                    0.0,
                    0.0,
                    0.0,
                    158632.0,
                    150501.0,
                    0.0,
                    231860.0,
                    0.0,
                    216442.0,
                    0.0,
                    166126.0,
                    0.0,
                    157815.0,
                    0.0,
                    158343.0,
                    0.0,
                    141800.0,
                    0.0,
                    143087.0,
                    0.0,
                    123246.0,
                    0.0,
                    126232.0,
                    0.0,
                    107496.0,
                    0.0,
                    105384.0,
                    0.0,
                    80752.0,
                    0.0,
                    119645.0,
                    0.0,
                    0.0,
                    0.0,
                    39478.0,
                    0.0,
                    38630.0,
                    0.0,
                    33527.0,
                    0.0,
                    32120.0,
                    0.0,
                    25097.0,
                    0.0,
                    20728.0,
                    0.0,
                    22424.0,
                    0.0,
                    24380.0,
                    0.0,
                    19131.0,
                    0.0,
                    11847.0,
                    24254.0
                ],
                [
                    184612.0,
                    69.0,
                    0.0,
                    100.0,
                    0.0,
                    93.0,
                    0.0,
                    59.0,
                    0.0,
                    147.0,
                    0.0,
                    198.0,
                    0.0,
                    206.0,
                    0.0,
                    234.0,
                    0.0,
                    347.0,
                    0.0,
                    402.0,
                    0.0,
                    449.0,
                    0.0,
                    674.0,
                    0.0,
                    600.0,
                    0.0,
                    986.0,
                    0.0,
                    1314.0,
                    0.0,
                    1671.0,
                    0.0,
                    2329.0,
                    0.0,
                    2983.0,
                    0.0,
                    4223.0,
                    0.0,
                    5554.0,
                    0.0,
                    5841.0,
                    0.0,
                    6223.0,
                    0.0,
                    9530.0,
                    0.0,
                    9763.0,
                    0.0,
                    21009.0,
                    27584.0,
                    0.0,
                    73301.0,
                    0.0,
                    40469.0,
                    0.0,
                    68182.0,
                    0.0,
                    85985.0,
                    0.0,
                    116347.0,
                    0.0,
                    275432.0,
                    0.0,
                    0.0,
                    0.0,
                    262485.0,
                    0.0,
                    301048.0,
                    0.0,
                    1066373.0,
                    0.0,
                    0.0,
                    0.0,
                    575266.0,
                    0.0,
                    591359.0,
                    0.0,
                    1339580.0,
                    0.0,
                    0.0,
                    0.0,
                    832685.0,
                    0.0,
                    886824.0,
                    0.0,
                    1593925.0,
                    0.0,
                    0.0,
                    0.0,
                    1079403.0,
                    0.0,
                    1053993.0,
                    0.0,
                    2141846.0,
                    0.0,
                    0.0,
                    0.0,
                    966172.0,
                    0.0,
                    1214035.0,
                    2304657.0,
                    0.0,
                    0.0,
                    0.0,
                    1477306.0,
                    0.0,
                    1158618.0,
                    0.0,
                    2591864.0,
                    0.0,
                    0.0,
                    0.0,
                    1033983.0,
                    0.0,
                    1272171.0,
                    0.0,
                    2345868.0,
                    0.0,
                    0.0,
                    0.0,
                    1387261.0,
                    0.0,
                    1397797.0,
                    0.0,
                    1094592.0,
                    0.0,
                    2382042.0,
                    0.0,
                    0.0,
                    0.0,
                    1207413.0,
                    0.0,
                    1440978.0,
                    0.0,
                    1186382.0,
                    0.0,
                    1178175.0,
                    0.0,
                    1559598.0,
                    0.0,
                    1302025.0,
                    0.0,
                    2745182.0,
                    0.0,
                    0.0,
                    0.0,
                    1628629.0,
                    0.0,
                    1485998.0,
                    1333808.0,
                    0.0,
                    1584497.0,
                    0.0,
                    1331770.0,
                    0.0,
                    1578769.0,
                    0.0,
                    2746929.0,
                    0.0,
                    0.0,
                    0.0,
                    1087537.0,
                    0.0,
                    1548886.0,
                    0.0,
                    1385120.0,
                    0.0,
                    1785176.0,
                    0.0,
                    1192789.0,
                    0.0,
                    1378912.0,
                    0.0,
                    3433204.0,
                    0.0,
                    0.0,
                    0.0,
                    1536452.0,
                    0.0,
                    1326498.0,
                    0.0,
                    1449026.0,
                    0.0,
                    1702939.0,
                    0.0,
                    1666665.0,
                    0.0,
                    1701755.0,
                    0.0,
                    3293150.0,
                    0.0,
                    0.0,
                    0.0,
                    1716554.0,
                    0.0,
                    1800656.0,
                    0.0,
                    1760495.0,
                    0.0,
                    1753912.0,
                    1579885.0,
                    0.0,
                    1974099.0,
                    0.0,
                    3390499.0,
                    0.0,
                    0.0,
                    0.0,
                    1615432.0,
                    0.0,
                    1969713.0,
                    0.0,
                    1587227.0,
                    0.0,
                    1771157.0,
                    0.0,
                    2119705.0,
                    0.0,
                    1585995.0,
                    0.0,
                    4167001.0,
                    0.0,
                    0.0,
                    0.0,
                    2061743.0,
                    0.0,
                    1907530.0,
                    0.0,
                    2001306.0,
                    0.0,
                    1977825.0,
                    0.0,
                    1719185.0,
                    0.0,
                    2128259.0,
                    0.0,
                    3915677.0,
                    0.0,
                    0.0,
                    0.0,
                    1955850.0,
                    0.0,
                    2231102.0,
                    0.0,
                    1619323.0,
                    0.0,
                    2270633.0,
                    0.0,
                    1994537.0,
                    1718639.0,
                    0.0,
                    2240491.0,
                    0.0,
                    1658842.0,
                    0.0,
                    3120980.0,
                    0.0,
                    0.0,
                    0.0,
                    1599922.0,
                    0.0,
                    1723781.0,
                    0.0,
                    1463714.0,
                    0.0,
                    1863753.0,
                    0.0,
                    1663262.0,
                    0.0,
                    1757513.0,
                    0.0,
                    1363384.0,
                    0.0,
                    1610497.0,
                    0.0,
                    1455785.0,
                    0.0,
                    1092965.0,
                    0.0,
                    1466840.0,
                    0.0,
                    1439001.0,
                    0.0,
                    1441346.0,
                    0.0,
                    1282339.0,
                    0.0,
                    2603873.0,
                    0.0,
                    0.0,
                    0.0,
                    1188560.0,
                    0.0,
                    1335114.0,
                    0.0,
                    1194136.0,
                    0.0,
                    1112495.0,
                    0.0,
                    1322964.0,
                    1061435.0,
                    0.0,
                    1220488.0,
                    0.0,
                    1089847.0,
                    0.0,
                    1097735.0,
                    0.0,
                    779329.0,
                    0.0,
                    1071242.0,
                    0.0,
                    1072990.0,
                    0.0,
                    967697.0,
                    0.0,
                    960432.0,
                    0.0,
                    1820081.0,
                    0.0,
                    0.0,
                    0.0,
                    893584.0,
                    0.0,
                    971401.0,
                    0.0,
                    768213.0,
                    0.0,
                    839590.0,
                    0.0,
                    801530.0,
                    0.0,
                    804523.0,
                    0.0,
                    752569.0,
                    0.0,
                    785015.0,
                    0.0,
                    712293.0,
                    0.0,
                    728224.0,
                    0.0,
                    727067.0,
                    0.0,
                    655659.0,
                    0.0,
                    619957.0,
                    0.0,
                    634898.0,
                    1237607.0,
                    0.0,
                    0.0,
                    0.0,
                    573960.0,
                    0.0,
                    506474.0,
                    0.0,
                    521851.0,
                    0.0,
                    513294.0,
                    0.0,
                    489130.0,
                    0.0,
                    464608.0,
                    0.0,
                    475569.0,
                    0.0,
                    515024.0,
                    0.0,
                    499905.0,
                    0.0,
                    480346.0,
                    0.0,
                    410734.0,
                    0.0,
                    416002.0,
                    0.0,
                    412055.0,
                    0.0,
                    379120.0,
                    0.0,
                    759315.0,
                    0.0,
                    0.0,
                    0.0,
                    380985.0,
                    0.0,
                    338873.0,
                    0.0,
                    332200.0,
                    0.0,
                    389466.0,
                    0.0,
                    356545.0,
                    0.0,
                    386611.0,
                    0.0,
                    315251.0,
                    0.0,
                    334086.0,
                    338112.0,
                    0.0,
                    274922.0,
                    0.0,
                    309658.0,
                    0.0,
                    309606.0,
                    0.0,
                    276962.0,
                    0.0,
                    284422.0,
                    0.0,
                    498064.0,
                    0.0,
                    0.0,
                    0.0,
                    233568.0,
                    0.0,
                    229571.0,
                    0.0,
                    220677.0,
                    0.0,
                    174369.0,
                    0.0,
                    211068.0,
                    0.0,
                    192354.0,
                    0.0,
                    172659.0,
                    0.0,
                    212854.0,
                    0.0,
                    202594.0,
                    0.0,
                    155145.0,
                    0.0,
                    177728.0,
                    0.0,
                    161742.0,
                    0.0,
                    202168.0,
                    0.0,
                    240850.0,
                    0.0,
                    320459.0,
                    0.0,
                    0.0,
                    0.0,
                    131246.0,
                    116050.0,
                    0.0,
                    140563.0,
                    0.0,
                    121382.0,
                    0.0,
                    117238.0,
                    0.0,
                    133279.0,
                    0.0,
                    101929.0,
                    0.0,
                    110552.0,
                    0.0,
                    98578.0,
                    0.0,
                    86874.0,
                    0.0,
                    88033.0,
                    0.0,
                    67835.0,
                    0.0,
                    70946.0,
                    0.0,
                    48755.0,
                    0.0,
                    82306.0,
                    0.0,
                    0.0,
                    0.0,
                    33303.0,
                    0.0,
                    31439.0,
                    0.0,
                    28316.0,
                    0.0,
                    27886.0,
                    0.0,
                    23468.0,
                    0.0,
                    23709.0,
                    0.0,
                    19246.0,
                    0.0,
                    24135.0,
                    0.0,
                    23091.0,
                    0.0,
                    13677.0,
                    29479.0
                ],
                [
                    186203.0,
                    342.0,
                    0.0,
                    384.0,
                    0.0,
                    441.0,
                    0.0,
                    335.0,
                    0.0,
                    552.0,
                    0.0,
                    637.0,
                    0.0,
                    746.0,
                    0.0,
                    933.0,
                    0.0,
                    1012.0,
                    0.0,
                    1341.0,
                    0.0,
                    1613.0,
                    0.0,
                    2267.0,
                    0.0,
                    2128.0,
                    0.0,
                    3468.0,
                    0.0,
                    5068.0,
                    0.0,
                    6932.0,
                    0.0,
                    9629.0,
                    0.0,
                    12289.0,
                    0.0,
                    19973.0,
                    0.0,
                    38619.0,
                    0.0,
                    51911.0,
                    0.0,
                    49149.0,
                    0.0,
                    50490.0,
                    0.0,
                    51225.0,
                    0.0,
                    92128.0,
                    101866.0,
                    0.0,
                    42023.0,
                    0.0,
                    65942.0,
                    0.0,
                    137420.0,
                    0.0,
                    179558.0,
                    0.0,
                    161966.0,
                    0.0,
                    385069.0,
                    0.0,
                    0.0,
                    0.0,
                    224113.0,
                    0.0,
                    308508.0,
                    0.0,
                    971792.0,
                    0.0,
                    0.0,
                    0.0,
                    501564.0,
                    0.0,
                    488818.0,
                    0.0,
                    1242957.0,
                    0.0,
                    0.0,
                    0.0,
                    803515.0,
                    0.0,
                    832775.0,
                    0.0,
                    1735219.0,
                    0.0,
                    0.0,
                    0.0,
                    1241251.0,
                    0.0,
                    1223815.0,
                    0.0,
                    2401555.0,
                    0.0,
                    0.0,
                    0.0,
                    1174763.0,
                    0.0,
                    1621484.0,
                    2930373.0,
                    0.0,
                    0.0,
                    0.0,
                    1681446.0,
                    0.0,
                    1434361.0,
                    0.0,
                    3480709.0,
                    0.0,
                    0.0,
                    0.0,
                    1577930.0,
                    0.0,
                    1958721.0,
                    0.0,
                    3049905.0,
                    0.0,
                    0.0,
                    0.0,
                    1923604.0,
                    0.0,
                    2006634.0,
                    0.0,
                    1890460.0,
                    0.0,
                    3848995.0,
                    0.0,
                    0.0,
                    0.0,
                    1864740.0,
                    0.0,
                    2274131.0,
                    0.0,
                    1703574.0,
                    0.0,
                    1747650.0,
                    0.0,
                    2377199.0,
                    0.0,
                    1741472.0,
                    0.0,
                    3759211.0,
                    0.0,
                    0.0,
                    0.0,
                    2305319.0,
                    0.0,
                    2116501.0,
                    2068029.0,
                    0.0,
                    1918944.0,
                    0.0,
                    1835571.0,
                    0.0,
                    2157613.0,
                    0.0,
                    3899820.0,
                    0.0,
                    0.0,
                    0.0,
                    1976101.0,
                    0.0,
                    2180635.0,
                    0.0,
                    1708940.0,
                    0.0,
                    2393494.0,
                    0.0,
                    1592042.0,
                    0.0,
                    1704443.0,
                    0.0,
                    4563471.0,
                    0.0,
                    0.0,
                    0.0,
                    1986829.0,
                    0.0,
                    1927388.0,
                    0.0,
                    1911490.0,
                    0.0,
                    1993861.0,
                    0.0,
                    1879867.0,
                    0.0,
                    1964717.0,
                    0.0,
                    3646762.0,
                    0.0,
                    0.0,
                    0.0,
                    1798711.0,
                    0.0,
                    1791223.0,
                    0.0,
                    1747790.0,
                    0.0,
                    1869499.0,
                    1540262.0,
                    0.0,
                    2006483.0,
                    0.0,
                    3130776.0,
                    0.0,
                    0.0,
                    0.0,
                    1470869.0,
                    0.0,
                    2145630.0,
                    0.0,
                    1578711.0,
                    0.0,
                    1522901.0,
                    0.0,
                    1754959.0,
                    0.0,
                    1634185.0,
                    0.0,
                    3227621.0,
                    0.0,
                    0.0,
                    0.0,
                    1664565.0,
                    0.0,
                    1423547.0,
                    0.0,
                    1729917.0,
                    0.0,
                    1747718.0,
                    0.0,
                    1372665.0,
                    0.0,
                    1654772.0,
                    0.0,
                    3137457.0,
                    0.0,
                    0.0,
                    0.0,
                    1427401.0,
                    0.0,
                    1494939.0,
                    0.0,
                    1291512.0,
                    0.0,
                    1709002.0,
                    0.0,
                    1464929.0,
                    1377991.0,
                    0.0,
                    1598640.0,
                    0.0,
                    1351200.0,
                    0.0,
                    2492841.0,
                    0.0,
                    0.0,
                    0.0,
                    1352431.0,
                    0.0,
                    1326378.0,
                    0.0,
                    1195176.0,
                    0.0,
                    1354765.0,
                    0.0,
                    1314514.0,
                    0.0,
                    1258335.0,
                    0.0,
                    1069482.0,
                    0.0,
                    1204167.0,
                    0.0,
                    1172725.0,
                    0.0,
                    757597.0,
                    0.0,
                    1246060.0,
                    0.0,
                    1270233.0,
                    0.0,
                    1147442.0,
                    0.0,
                    1017752.0,
                    0.0,
                    2186875.0,
                    0.0,
                    0.0,
                    0.0,
                    850780.0,
                    0.0,
                    972573.0,
                    0.0,
                    806259.0,
                    0.0,
                    854174.0,
                    0.0,
                    984524.0,
                    796175.0,
                    0.0,
                    960926.0,
                    0.0,
                    819492.0,
                    0.0,
                    928511.0,
                    0.0,
                    787709.0,
                    0.0,
                    863189.0,
                    0.0,
                    807704.0,
                    0.0,
                    744498.0,
                    0.0,
                    732951.0,
                    0.0,
                    1366858.0,
                    0.0,
                    0.0,
                    0.0,
                    627425.0,
                    0.0,
                    705011.0,
                    0.0,
                    537193.0,
                    0.0,
                    602944.0,
                    0.0,
                    621736.0,
                    0.0,
                    577367.0,
                    0.0,
                    548661.0,
                    0.0,
                    529814.0,
                    0.0,
                    518672.0,
                    0.0,
                    501639.0,
                    0.0,
                    510188.0,
                    0.0,
                    466314.0,
                    0.0,
                    470541.0,
                    0.0,
                    454829.0,
                    939967.0,
                    0.0,
                    0.0,
                    0.0,
                    457153.0,
                    0.0,
                    369994.0,
                    0.0,
                    434858.0,
                    0.0,
                    399860.0,
                    0.0,
                    385549.0,
                    0.0,
                    361929.0,
                    0.0,
                    398392.0,
                    0.0,
                    410578.0,
                    0.0,
                    344349.0,
                    0.0,
                    369230.0,
                    0.0,
                    349038.0,
                    0.0,
                    302886.0,
                    0.0,
                    344884.0,
                    0.0,
                    290254.0,
                    0.0,
                    606068.0,
                    0.0,
                    0.0,
                    0.0,
                    292911.0,
                    0.0,
                    262571.0,
                    0.0,
                    227892.0,
                    0.0,
                    270067.0,
                    0.0,
                    278866.0,
                    0.0,
                    263856.0,
                    0.0,
                    224395.0,
                    0.0,
                    249829.0,
                    247615.0,
                    0.0,
                    188079.0,
                    0.0,
                    232519.0,
                    0.0,
                    237122.0,
                    0.0,
                    212397.0,
                    0.0,
                    219579.0,
                    0.0,
                    418029.0,
                    0.0,
                    0.0,
                    0.0,
                    191528.0,
                    0.0,
                    197374.0,
                    0.0,
                    224589.0,
                    0.0,
                    194776.0,
                    0.0,
                    209474.0,
                    0.0,
                    186754.0,
                    0.0,
                    169203.0,
                    0.0,
                    164131.0,
                    0.0,
                    157083.0,
                    0.0,
                    127370.0,
                    0.0,
                    142706.0,
                    0.0,
                    136035.0,
                    0.0,
                    122684.0,
                    0.0,
                    117480.0,
                    0.0,
                    185501.0,
                    0.0,
                    0.0,
                    0.0,
                    82766.0,
                    67643.0,
                    0.0,
                    79368.0,
                    0.0,
                    62779.0,
                    0.0,
                    66940.0,
                    0.0,
                    76489.0,
                    0.0,
                    66781.0,
                    0.0,
                    90515.0,
                    0.0,
                    70754.0,
                    0.0,
                    75334.0,
                    0.0,
                    78196.0,
                    0.0,
                    65622.0,
                    0.0,
                    69842.0,
                    0.0,
                    63621.0,
                    0.0,
                    97620.0,
                    0.0,
                    0.0,
                    0.0,
                    34652.0,
                    0.0,
                    30926.0,
                    0.0,
                    23890.0,
                    0.0,
                    28154.0,
                    0.0,
                    23353.0,
                    0.0,
                    23137.0,
                    0.0,
                    18031.0,
                    0.0,
                    19973.0,
                    0.0,
                    23176.0,
                    0.0,
                    16559.0,
                    35934.0
                ],
                [
                    441892.0,
                    5092.0,
                    0.0,
                    63873.0,
                    0.0,
                    150311.0,
                    0.0,
                    120242.0,
                    0.0,
                    216620.0,
                    0.0,
                    257113.0,
                    0.0,
                    165281.0,
                    0.0,
                    112556.0,
                    0.0,
                    183904.0,
                    0.0,
                    149978.0,
                    0.0,
                    330336.0,
                    0.0,
                    450905.0,
                    0.0,
                    251458.0,
                    0.0,
                    196090.0,
                    0.0,
                    233487.0,
                    0.0,
                    317408.0,
                    0.0,
                    363223.0,
                    0.0,
                    278973.0,
                    0.0,
                    251244.0,
                    0.0,
                    242356.0,
                    0.0,
                    293801.0,
                    0.0,
                    346107.0,
                    0.0,
                    293368.0,
                    0.0,
                    308689.0,
                    0.0,
                    434370.0,
                    408677.0,
                    0.0,
                    443757.0,
                    0.0,
                    524857.0,
                    0.0,
                    512446.0,
                    0.0,
                    591451.0,
                    0.0,
                    464023.0,
                    0.0,
                    894883.0,
                    0.0,
                    0.0,
                    0.0,
                    517388.0,
                    0.0,
                    536519.0,
                    0.0,
                    1277220.0,
                    0.0,
                    0.0,
                    0.0,
                    729552.0,
                    0.0,
                    639547.0,
                    0.0,
                    1465075.0,
                    0.0,
                    0.0,
                    0.0,
                    667449.0,
                    0.0,
                    658231.0,
                    0.0,
                    1531351.0,
                    0.0,
                    0.0,
                    0.0,
                    634975.0,
                    0.0,
                    835057.0,
                    0.0,
                    1364782.0,
                    0.0,
                    0.0,
                    0.0,
                    839844.0,
                    0.0,
                    907154.0,
                    1657505.0,
                    0.0,
                    0.0,
                    0.0,
                    997413.0,
                    0.0,
                    872354.0,
                    0.0,
                    2139783.0,
                    0.0,
                    0.0,
                    0.0,
                    1081716.0,
                    0.0,
                    1147555.0,
                    0.0,
                    2222784.0,
                    0.0,
                    0.0,
                    0.0,
                    1071959.0,
                    0.0,
                    1196361.0,
                    0.0,
                    1133739.0,
                    0.0,
                    2495853.0,
                    0.0,
                    0.0,
                    0.0,
                    1113472.0,
                    0.0,
                    1298509.0,
                    0.0,
                    1196328.0,
                    0.0,
                    1375390.0,
                    0.0,
                    1153282.0,
                    0.0,
                    1213508.0,
                    0.0,
                    2570168.0,
                    0.0,
                    0.0,
                    0.0,
                    1171796.0,
                    0.0,
                    1330149.0,
                    1014088.0,
                    0.0,
                    1149745.0,
                    0.0,
                    1391434.0,
                    0.0,
                    1355989.0,
                    0.0,
                    2686584.0,
                    0.0,
                    0.0,
                    0.0,
                    1234196.0,
                    0.0,
                    1455689.0,
                    0.0,
                    1300849.0,
                    0.0,
                    1502132.0,
                    0.0,
                    1622894.0,
                    0.0,
                    1337999.0,
                    0.0,
                    3131353.0,
                    0.0,
                    0.0,
                    0.0,
                    1818188.0,
                    0.0,
                    1667399.0,
                    0.0,
                    1645908.0,
                    0.0,
                    1810472.0,
                    0.0,
                    1762681.0,
                    0.0,
                    1674928.0,
                    0.0,
                    3592218.0,
                    0.0,
                    0.0,
                    0.0,
                    2100748.0,
                    0.0,
                    2088282.0,
                    0.0,
                    2006497.0,
                    0.0,
                    2086016.0,
                    2187884.0,
                    0.0,
                    2198417.0,
                    0.0,
                    4432194.0,
                    0.0,
                    0.0,
                    0.0,
                    2219309.0,
                    0.0,
                    2051824.0,
                    0.0,
                    2296338.0,
                    0.0,
                    2341460.0,
                    0.0,
                    2280018.0,
                    0.0,
                    2539755.0,
                    0.0,
                    4810054.0,
                    0.0,
                    0.0,
                    0.0,
                    2638350.0,
                    0.0,
                    2441944.0,
                    0.0,
                    2738225.0,
                    0.0,
                    2069519.0,
                    0.0,
                    2500586.0,
                    0.0,
                    2917923.0,
                    0.0,
                    5176526.0,
                    0.0,
                    0.0,
                    0.0,
                    2240502.0,
                    0.0,
                    2477069.0,
                    0.0,
                    2471930.0,
                    0.0,
                    2318493.0,
                    0.0,
                    2566371.0,
                    2165708.0,
                    0.0,
                    2408016.0,
                    0.0,
                    1692958.0,
                    0.0,
                    4313119.0,
                    0.0,
                    0.0,
                    0.0,
                    1903508.0,
                    0.0,
                    1929257.0,
                    0.0,
                    1841168.0,
                    0.0,
                    1854676.0,
                    0.0,
                    2096700.0,
                    0.0,
                    1476265.0,
                    0.0,
                    1779696.0,
                    0.0,
                    1796392.0,
                    0.0,
                    1562620.0,
                    0.0,
                    1557959.0,
                    0.0,
                    1297934.0,
                    0.0,
                    1276858.0,
                    0.0,
                    1554839.0,
                    0.0,
                    1454352.0,
                    0.0,
                    2667494.0,
                    0.0,
                    0.0,
                    0.0,
                    1239452.0,
                    0.0,
                    1123063.0,
                    0.0,
                    1225874.0,
                    0.0,
                    1218368.0,
                    0.0,
                    974613.0,
                    974965.0,
                    0.0,
                    936415.0,
                    0.0,
                    1094586.0,
                    0.0,
                    846518.0,
                    0.0,
                    715118.0,
                    0.0,
                    775055.0,
                    0.0,
                    793541.0,
                    0.0,
                    786925.0,
                    0.0,
                    752103.0,
                    0.0,
                    1151134.0,
                    0.0,
                    0.0,
                    0.0,
                    648159.0,
                    0.0,
                    418575.0,
                    0.0,
                    584989.0,
                    0.0,
                    502843.0,
                    0.0,
                    527351.0,
                    0.0,
                    425356.0,
                    0.0,
                    412620.0,
                    0.0,
                    303468.0,
                    0.0,
                    394676.0,
                    0.0,
                    359812.0,
                    0.0,
                    333793.0,
                    0.0,
                    345611.0,
                    0.0,
                    289456.0,
                    0.0,
                    242817.0,
                    562563.0,
                    0.0,
                    0.0,
                    0.0,
                    284879.0,
                    0.0,
                    156103.0,
                    0.0,
                    225381.0,
                    0.0,
                    243952.0,
                    0.0,
                    196648.0,
                    0.0,
                    110556.0,
                    0.0,
                    162378.0,
                    0.0,
                    156546.0,
                    0.0,
                    120754.0,
                    0.0,
                    135120.0,
                    0.0,
                    106912.0,
                    0.0,
                    122841.0,
                    0.0,
                    112482.0,
                    0.0,
                    105324.0,
                    0.0,
                    200924.0,
                    0.0,
                    0.0,
                    0.0,
                    67483.0,
                    0.0,
                    73456.0,
                    0.0,
                    81345.0,
                    0.0,
                    70349.0,
                    0.0,
                    70590.0,
                    0.0,
                    63526.0,
                    0.0,
                    60459.0,
                    0.0,
                    52267.0,
                    48208.0,
                    0.0,
                    30391.0,
                    0.0,
                    42694.0,
                    0.0,
                    38834.0,
                    0.0,
                    37800.0,
                    0.0,
                    33466.0,
                    0.0,
                    53653.0,
                    0.0,
                    0.0,
                    0.0,
                    28320.0,
                    0.0,
                    23733.0,
                    0.0,
                    19379.0,
                    0.0,
                    20234.0,
                    0.0,
                    18188.0,
                    0.0,
                    17478.0,
                    0.0,
                    15464.0,
                    0.0,
                    26793.0,
                    0.0,
                    17616.0,
                    0.0,
                    15282.0,
                    0.0,
                    13754.0,
                    0.0,
                    14931.0,
                    0.0,
                    17228.0,
                    0.0,
                    11454.0,
                    0.0,
                    34500.0,
                    0.0,
                    0.0,
                    0.0,
                    11576.0,
                    7546.0,
                    0.0,
                    10565.0,
                    0.0,
                    5966.0,
                    0.0,
                    5162.0,
                    0.0,
                    2734.0,
                    0.0,
                    3127.0,
                    0.0,
                    2518.0,
                    0.0,
                    1275.0,
                    0.0,
                    1255.0,
                    0.0,
                    1060.0,
                    0.0,
                    1278.0,
                    0.0,
                    1081.0,
                    0.0,
                    939.0,
                    0.0,
                    1494.0,
                    0.0,
                    0.0,
                    0.0,
                    725.0,
                    0.0,
                    685.0,
                    0.0,
                    623.0,
                    0.0,
                    1017.0,
                    0.0,
                    420.0,
                    0.0,
                    675.0,
                    0.0,
                    441.0,
                    0.0,
                    650.0,
                    0.0,
                    450.0,
                    0.0,
                    578.0,
                    3132.0
                ],
                [
                    77249872.0,
                    20090084.0,
                    0.0,
                    11903663.0,
                    0.0,
                    8215615.0,
                    0.0,
                    5772116.0,
                    0.0,
                    4380634.0,
                    0.0,
                    3529989.0,
                    0.0,
                    2970263.0,
                    0.0,
                    2755523.0,
                    0.0,
                    2404657.0,
                    0.0,
                    2113440.0,
                    0.0,
                    1913320.0,
                    0.0,
                    1799400.0,
                    0.0,
                    1708795.0,
                    0.0,
                    1604748.0,
                    0.0,
                    1519770.0,
                    0.0,
                    1465811.0,
                    0.0,
                    1405975.0,
                    0.0,
                    1369383.0,
                    0.0,
                    1330143.0,
                    0.0,
                    1301753.0,
                    0.0,
                    1282898.0,
                    0.0,
                    1264346.0,
                    0.0,
                    1221873.0,
                    0.0,
                    1176536.0,
                    0.0,
                    1145180.0,
                    1122338.0,
                    0.0,
                    1114533.0,
                    0.0,
                    1100607.0,
                    0.0,
                    1065903.0,
                    0.0,
                    1054466.0,
                    0.0,
                    1033198.0,
                    0.0,
                    994230.0,
                    0.0,
                    984141.0,
                    0.0,
                    970422.0,
                    0.0,
                    953444.0,
                    0.0,
                    947064.0,
                    0.0,
                    921878.0,
                    0.0,
                    871416.0,
                    0.0,
                    842806.0,
                    0.0,
                    832564.0,
                    0.0,
                    819285.0,
                    0.0,
                    807827.0,
                    0.0,
                    811699.0,
                    0.0,
                    797994.0,
                    0.0,
                    774030.0,
                    0.0,
                    744921.0,
                    0.0,
                    719865.0,
                    0.0,
                    684908.0,
                    0.0,
                    670749.0,
                    0.0,
                    680136.0,
                    0.0,
                    677044.0,
                    667083.0,
                    0.0,
                    684666.0,
                    0.0,
                    701356.0,
                    0.0,
                    687633.0,
                    0.0,
                    655915.0,
                    0.0,
                    627534.0,
                    0.0,
                    615192.0,
                    0.0,
                    615119.0,
                    0.0,
                    596030.0,
                    0.0,
                    572448.0,
                    0.0,
                    556812.0,
                    0.0,
                    539956.0,
                    0.0,
                    520063.0,
                    0.0,
                    504505.0,
                    0.0,
                    501750.0,
                    0.0,
                    500923.0,
                    0.0,
                    504021.0,
                    0.0,
                    498968.0,
                    0.0,
                    488357.0,
                    0.0,
                    494559.0,
                    0.0,
                    482494.0,
                    0.0,
                    465201.0,
                    0.0,
                    463585.0,
                    0.0,
                    459258.0,
                    0.0,
                    457840.0,
                    465603.0,
                    0.0,
                    454719.0,
                    0.0,
                    446445.0,
                    0.0,
                    435497.0,
                    0.0,
                    426912.0,
                    0.0,
                    421155.0,
                    0.0,
                    417261.0,
                    0.0,
                    403109.0,
                    0.0,
                    387307.0,
                    0.0,
                    372841.0,
                    0.0,
                    364079.0,
                    0.0,
                    348102.0,
                    0.0,
                    340194.0,
                    0.0,
                    328766.0,
                    0.0,
                    319337.0,
                    0.0,
                    303087.0,
                    0.0,
                    288298.0,
                    0.0,
                    282355.0,
                    0.0,
                    275852.0,
                    0.0,
                    257943.0,
                    0.0,
                    246922.0,
                    0.0,
                    238627.0,
                    0.0,
                    230442.0,
                    0.0,
                    221683.0,
                    0.0,
                    215290.0,
                    0.0,
                    210879.0,
                    206432.0,
                    0.0,
                    204738.0,
                    0.0,
                    211066.0,
                    0.0,
                    226284.0,
                    0.0,
                    214435.0,
                    0.0,
                    197358.0,
                    0.0,
                    193164.0,
                    0.0,
                    184611.0,
                    0.0,
                    166266.0,
                    0.0,
                    150220.0,
                    0.0,
                    138755.0,
                    0.0,
                    128337.0,
                    0.0,
                    124044.0,
                    0.0,
                    116708.0,
                    0.0,
                    110292.0,
                    0.0,
                    112713.0,
                    0.0,
                    112453.0,
                    0.0,
                    108209.0,
                    0.0,
                    113079.0,
                    0.0,
                    107922.0,
                    0.0,
                    96001.0,
                    0.0,
                    88557.0,
                    0.0,
                    86694.0,
                    0.0,
                    84794.0,
                    0.0,
                    81499.0,
                    75100.0,
                    0.0,
                    74219.0,
                    0.0,
                    71010.0,
                    0.0,
                    70061.0,
                    0.0,
                    68015.0,
                    0.0,
                    69159.0,
                    0.0,
                    68284.0,
                    0.0,
                    65742.0,
                    0.0,
                    62558.0,
                    0.0,
                    62369.0,
                    0.0,
                    56774.0,
                    0.0,
                    54898.0,
                    0.0,
                    52677.0,
                    0.0,
                    49744.0,
                    0.0,
                    45630.0,
                    0.0,
                    40033.0,
                    0.0,
                    38605.0,
                    0.0,
                    37162.0,
                    0.0,
                    36830.0,
                    0.0,
                    33416.0,
                    0.0,
                    30555.0,
                    0.0,
                    29215.0,
                    0.0,
                    26614.0,
                    0.0,
                    25244.0,
                    0.0,
                    24119.0,
                    0.0,
                    22226.0,
                    19567.0,
                    0.0,
                    17813.0,
                    0.0,
                    16585.0,
                    0.0,
                    15209.0,
                    0.0,
                    14153.0,
                    0.0,
                    13573.0,
                    0.0,
                    12884.0,
                    0.0,
                    12376.0,
                    0.0,
                    12128.0,
                    0.0,
                    11442.0,
                    0.0,
                    11446.0,
                    0.0,
                    11973.0,
                    0.0,
                    12084.0,
                    0.0,
                    12276.0,
                    0.0,
                    11937.0,
                    0.0,
                    9778.0,
                    0.0,
                    7509.0,
                    0.0,
                    6677.0,
                    0.0,
                    6328.0,
                    0.0,
                    5256.0,
                    0.0,
                    5091.0,
                    0.0,
                    5016.0,
                    0.0,
                    5214.0,
                    0.0,
                    4981.0,
                    0.0,
                    4866.0,
                    4324.0,
                    0.0,
                    4079.0,
                    0.0,
                    4069.0,
                    0.0,
                    3653.0,
                    0.0,
                    3615.0,
                    0.0,
                    3612.0,
                    0.0,
                    3515.0,
                    0.0,
                    3776.0,
                    0.0,
                    5046.0,
                    0.0,
                    7704.0,
                    0.0,
                    7852.0,
                    0.0,
                    5090.0,
                    0.0,
                    3892.0,
                    0.0,
                    3601.0,
                    0.0,
                    3419.0,
                    0.0,
                    3042.0,
                    0.0,
                    2892.0,
                    0.0,
                    2667.0,
                    0.0,
                    2465.0,
                    0.0,
                    2461.0,
                    0.0,
                    2404.0,
                    0.0,
                    2343.0,
                    0.0,
                    2399.0,
                    0.0,
                    2462.0,
                    0.0,
                    2514.0,
                    0.0,
                    2533.0,
                    2694.0,
                    0.0,
                    2749.0,
                    0.0,
                    2889.0,
                    0.0,
                    2891.0,
                    0.0,
                    2986.0,
                    0.0,
                    2816.0,
                    0.0,
                    2737.0,
                    0.0,
                    2681.0,
                    0.0,
                    2768.0,
                    0.0,
                    2525.0,
                    0.0,
                    2555.0,
                    0.0,
                    2570.0,
                    0.0,
                    2490.0,
                    0.0,
                    2682.0,
                    0.0,
                    2711.0,
                    0.0,
                    2575.0,
                    0.0,
                    2558.0,
                    0.0,
                    2676.0,
                    0.0,
                    2822.0,
                    0.0,
                    2910.0,
                    0.0,
                    2787.0,
                    0.0,
                    2790.0,
                    0.0,
                    2700.0,
                    0.0,
                    2856.0,
                    0.0,
                    2717.0,
                    2655.0,
                    0.0,
                    2539.0,
                    0.0,
                    2354.0,
                    0.0,
                    2461.0,
                    0.0,
                    2308.0,
                    0.0,
                    2426.0,
                    0.0,
                    2438.0,
                    0.0,
                    2327.0,
                    0.0,
                    2397.0,
                    0.0,
                    2424.0,
                    0.0,
                    2488.0,
                    0.0,
                    2318.0,
                    0.0,
                    2400.0,
                    0.0,
                    2533.0,
                    0.0,
                    2370.0,
                    0.0,
                    2258.0,
                    0.0,
                    2268.0,
                    0.0,
                    2101.0,
                    0.0,
                    2142.0,
                    0.0,
                    2200.0,
                    0.0,
                    2081.0,
                    0.0,
                    2060.0,
                    0.0,
                    2104.0,
                    0.0,
                    2255.0,
                    0.0,
                    2758.0,
                    108996.0
                ]
            ],
            "histogram_bins": [
                0.0,
                0.5099999904632568,
                1.0199999809265137,
                1.5299999713897705,
                2.0399999618530273,
                2.549999952316284,
                3.059999942779541,
                3.569999933242798,
                4.079999923706055,
                4.590000152587891,
                5.099999904632568,
                5.609999656677246,
                6.119999885559082,
                6.630000114440918,
                7.139999866485596,
                7.649999618530273,
                8.15999984741211,
                8.670000076293945,
                9.180000305175781,
                9.6899995803833,
                10.199999809265137,
                10.710000038146973,
                11.219999313354492,
                11.729999542236328,
                12.239999771118164,
                12.75,
                13.260000228881836,
                13.769999504089355,
                14.279999732971191,
                14.789999961853027,
                15.299999237060547,
                15.809999465942383,
                16.31999969482422,
                16.829999923706055,
                17.34000015258789,
                17.850000381469727,
                18.360000610351562,
                18.869998931884766,
                19.3799991607666,
                19.889999389648438,
                20.399999618530273,
                20.90999984741211,
                21.420000076293945,
                21.93000030517578,
                22.439998626708984,
                22.94999885559082,
                23.459999084472656,
                23.969999313354492,
                24.479999542236328,
                24.989999771118164,
                25.5,
                26.010000228881836,
                26.520000457763672,
                27.029998779296875,
                27.53999900817871,
                28.049999237060547,
                28.559999465942383,
                29.06999969482422,
                29.579999923706055,
                30.09000015258789,
                30.599998474121094,
                31.10999870300293,
                31.619998931884766,
                32.130001068115234,
                32.63999938964844,
                33.14999771118164,
                33.65999984741211,
                34.16999816894531,
                34.68000030517578,
                35.189998626708984,
                35.70000076293945,
                36.209999084472656,
                36.720001220703125,
                37.22999954223633,
                37.73999786376953,
                38.25,
                38.7599983215332,
                39.27000045776367,
                39.779998779296875,
                40.290000915527344,
                40.79999923706055,
                41.30999755859375,
                41.81999969482422,
                42.32999801635742,
                42.84000015258789,
                43.349998474121094,
                43.86000061035156,
                44.369998931884766,
                44.87999725341797,
                45.38999938964844,
                45.89999771118164,
                46.40999984741211,
                46.91999816894531,
                47.43000030517578,
                47.939998626708984,
                48.45000076293945,
                48.959999084472656,
                49.46999740600586,
                49.97999954223633,
                50.48999786376953,
                51.0,
                51.5099983215332,
                52.02000045776367,
                52.529998779296875,
                53.040000915527344,
                53.54999923706055,
                54.05999755859375,
                54.56999969482422,
                55.07999801635742,
                55.59000015258789,
                56.099998474121094,
                56.61000061035156,
                57.119998931884766,
                57.62999725341797,
                58.13999938964844,
                58.64999771118164,
                59.15999984741211,
                59.66999816894531,
                60.18000030517578,
                60.689998626708984,
                61.19999694824219,
                61.709999084472656,
                62.21999740600586,
                62.72999954223633,
                63.23999786376953,
                63.75,
                64.26000213623047,
                64.7699966430664,
                65.27999877929688,
                65.79000091552734,
                66.29999542236328,
                66.80999755859375,
                67.31999969482422,
                67.83000183105469,
                68.33999633789062,
                68.8499984741211,
                69.36000061035156,
                69.8699951171875,
                70.37999725341797,
                70.88999938964844,
                71.4000015258789,
                71.90999603271484,
                72.41999816894531,
                72.93000030517578,
                73.44000244140625,
                73.94999694824219,
                74.45999908447266,
                74.97000122070312,
                75.47999572753906,
                75.98999786376953,
                76.5,
                77.01000213623047,
                77.5199966430664,
                78.02999877929688,
                78.54000091552734,
                79.04999542236328,
                79.55999755859375,
                80.06999969482422,
                80.58000183105469,
                81.08999633789062,
                81.5999984741211,
                82.11000061035156,
                82.6199951171875,
                83.12999725341797,
                83.63999938964844,
                84.1500015258789,
                84.65999603271484,
                85.16999816894531,
                85.68000030517578,
                86.18999481201172,
                86.69999694824219,
                87.20999908447266,
                87.72000122070312,
                88.22999572753906,
                88.73999786376953,
                89.25,
                89.75999450683594,
                90.2699966430664,
                90.77999877929688,
                91.29000091552734,
                91.79999542236328,
                92.30999755859375,
                92.81999969482422,
                93.33000183105469,
                93.83999633789062,
                94.3499984741211,
                94.86000061035156,
                95.3699951171875,
                95.87999725341797,
                96.38999938964844,
                96.9000015258789,
                97.40999603271484,
                97.91999816894531,
                98.43000030517578,
                98.93999481201172,
                99.44999694824219,
                99.95999908447266,
                100.47000122070312,
                100.97999572753906,
                101.48999786376953,
                102.0,
                102.50999450683594,
                103.0199966430664,
                103.52999877929688,
                104.04000091552734,
                104.54999542236328,
                105.05999755859375,
                105.56999969482422,
                106.08000183105469,
                106.58999633789062,
                107.0999984741211,
                107.61000061035156,
                108.1199951171875,
                108.62999725341797,
                109.13999938964844,
                109.6500015258789,
                110.15999603271484,
                110.66999816894531,
                111.18000030517578,
                111.68999481201172,
                112.19999694824219,
                112.70999908447266,
                113.22000122070312,
                113.72999572753906,
                114.23999786376953,
                114.75,
                115.25999450683594,
                115.7699966430664,
                116.27999877929688,
                116.79000091552734,
                117.29999542236328,
                117.80999755859375,
                118.31999969482422,
                118.82999420166016,
                119.33999633789062,
                119.8499984741211,
                120.36000061035156,
                120.8699951171875,
                121.37999725341797,
                121.88999938964844,
                122.39999389648438,
                122.90999603271484,
                123.41999816894531,
                123.93000030517578,
                124.43999481201172,
                124.94999694824219,
                125.45999908447266,
                125.97000122070312,
                126.47999572753906,
                126.98999786376953,
                127.5,
                128.010009765625,
                128.52000427246094,
                129.02999877929688,
                129.54000854492188,
                130.0500030517578,
                130.55999755859375,
                131.07000732421875,
                131.5800018310547,
                132.08999633789062,
                132.60000610351562,
                133.11000061035156,
                133.6199951171875,
                134.1300048828125,
                134.63999938964844,
                135.15000915527344,
                135.66000366210938,
                136.1699981689453,
                136.6800079345703,
                137.19000244140625,
                137.6999969482422,
                138.2100067138672,
                138.72000122070312,
                139.22999572753906,
                139.74000549316406,
                140.25,
                140.760009765625,
                141.27000427246094,
                141.77999877929688,
                142.29000854492188,
                142.8000030517578,
                143.30999755859375,
                143.82000732421875,
                144.3300018310547,
                144.83999633789062,
                145.35000610351562,
                145.86000061035156,
                146.3699951171875,
                146.8800048828125,
                147.38999938964844,
                147.90000915527344,
                148.41000366210938,
                148.9199981689453,
                149.4300079345703,
                149.94000244140625,
                150.4499969482422,
                150.9600067138672,
                151.47000122070312,
                151.97999572753906,
                152.49000549316406,
                153.0,
                153.50999450683594,
                154.02000427246094,
                154.52999877929688,
                155.04000854492188,
                155.5500030517578,
                156.05999755859375,
                156.57000732421875,
                157.0800018310547,
                157.58999633789062,
                158.10000610351562,
                158.61000061035156,
                159.1199951171875,
                159.6300048828125,
                160.13999938964844,
                160.65000915527344,
                161.16000366210938,
                161.6699981689453,
                162.1800079345703,
                162.69000244140625,
                163.1999969482422,
                163.7100067138672,
                164.22000122070312,
                164.72999572753906,
                165.24000549316406,
                165.75,
                166.25999450683594,
                166.77000427246094,
                167.27999877929688,
                167.79000854492188,
                168.3000030517578,
                168.80999755859375,
                169.32000732421875,
                169.8300018310547,
                170.33999633789062,
                170.85000610351562,
                171.36000061035156,
                171.8699951171875,
                172.3800048828125,
                172.88999938964844,
                173.39999389648438,
                173.91000366210938,
                174.4199981689453,
                174.9300079345703,
                175.44000244140625,
                175.9499969482422,
                176.4600067138672,
                176.97000122070312,
                177.47999572753906,
                177.99000549316406,
                178.5,
                179.00999450683594,
                179.52000427246094,
                180.02999877929688,
                180.54000854492188,
                181.0500030517578,
                181.55999755859375,
                182.07000732421875,
                182.5800018310547,
                183.08999633789062,
                183.60000610351562,
                184.11000061035156,
                184.6199951171875,
                185.1300048828125,
                185.63999938964844,
                186.14999389648438,
                186.66000366210938,
                187.1699981689453,
                187.6800079345703,
                188.19000244140625,
                188.6999969482422,
                189.2100067138672,
                189.72000122070312,
                190.22999572753906,
                190.74000549316406,
                191.25,
                191.75999450683594,
                192.27000427246094,
                192.77999877929688,
                193.29000854492188,
                193.8000030517578,
                194.30999755859375,
                194.82000732421875,
                195.3300018310547,
                195.83999633789062,
                196.35000610351562,
                196.86000061035156,
                197.3699951171875,
                197.8800048828125,
                198.38999938964844,
                198.89999389648438,
                199.41000366210938,
                199.9199981689453,
                200.4300079345703,
                200.94000244140625,
                201.4499969482422,
                201.9600067138672,
                202.47000122070312,
                202.97999572753906,
                203.49000549316406,
                204.0,
                204.50999450683594,
                205.02000427246094,
                205.52999877929688,
                206.04000854492188,
                206.5500030517578,
                207.05999755859375,
                207.57000732421875,
                208.0800018310547,
                208.58999633789062,
                209.10000610351562,
                209.61000061035156,
                210.1199951171875,
                210.6300048828125,
                211.13999938964844,
                211.64999389648438,
                212.16000366210938,
                212.6699981689453,
                213.1800079345703,
                213.69000244140625,
                214.1999969482422,
                214.7100067138672,
                215.22000122070312,
                215.72999572753906,
                216.24000549316406,
                216.75,
                217.25999450683594,
                217.77000427246094,
                218.27999877929688,
                218.7899932861328,
                219.3000030517578,
                219.80999755859375,
                220.32000732421875,
                220.8300018310547,
                221.33999633789062,
                221.85000610351562,
                222.36000061035156,
                222.8699951171875,
                223.3800048828125,
                223.88999938964844,
                224.39999389648438,
                224.91000366210938,
                225.4199981689453,
                225.9300079345703,
                226.44000244140625,
                226.9499969482422,
                227.4600067138672,
                227.97000122070312,
                228.47999572753906,
                228.99000549316406,
                229.5,
                230.00999450683594,
                230.52000427246094,
                231.02999877929688,
                231.5399932861328,
                232.0500030517578,
                232.55999755859375,
                233.07000732421875,
                233.5800018310547,
                234.08999633789062,
                234.60000610351562,
                235.11000061035156,
                235.6199951171875,
                236.1300048828125,
                236.63999938964844,
                237.14999389648438,
                237.66000366210938,
                238.1699981689453,
                238.67999267578125,
                239.19000244140625,
                239.6999969482422,
                240.2100067138672,
                240.72000122070312,
                241.22999572753906,
                241.74000549316406,
                242.25,
                242.75999450683594,
                243.27000427246094,
                243.77999877929688,
                244.2899932861328,
                244.8000030517578,
                245.30999755859375,
                245.82000732421875,
                246.3300018310547,
                246.83999633789062,
                247.35000610351562,
                247.86000061035156,
                248.3699951171875,
                248.8800048828125,
                249.38999938964844,
                249.89999389648438,
                250.41000366210938,
                250.9199981689453,
                251.42999267578125,
                251.94000244140625,
                252.4499969482422,
                252.9600067138672,
                253.47000122070312,
                253.97999572753906,
                254.49000549316406,
                255.0
            ],
            "pct_02": null,
            "pct_98": null
        }
    },
    "target_stats": {
        "pixel_counts": [
            16182559.0,
            16003790.0,
            28265616.0,
            4816116.0,
            10555860.0,
            5559052.0,
            36784972.0,
            14929908.0,
            7012873.0,
            38926760.0,
            25160734.0,
            8314953.0,
            1396310.0,
            0.0,
            0.0,
            0.0,
            0.0,
            0.0,
            0.0
        ],
        "pixel_distribution": [
            0.07565142959356308,
            0.07481570541858673,
            0.132138192653656,
            0.022514736279845238,
            0.04934731498360634,
            0.025987869128584862,
            0.1719651073217392,
            0.06979543715715408,
            0.032784298062324524,
            0.18197770416736603,
            0.11762326210737228,
            0.03887135908007622,
            0.006527573335915804,
            0.0,
            0.0,
            0.0,
            0.0,
            0.0,
            0.0
        ],
        "class_presence_counts": [
            378.0,
            476.0,
            455.0,
            72.0,
            140.0,
            213.0,
            634.0,
            531.0,
            53.0,
            671.0,
            248.0,
            67.0,
            173.0,
            0.0,
            0.0,
            0.0,
            0.0,
            0.0,
            0.0
        ],
        "class_presence_ratio": [
            0.4632352888584137,
            0.5833333134651184,
            0.5575980544090271,
            0.0882352963089943,
            0.1715686321258545,
            0.2610294222831726,
            0.7769607901573181,
            0.6507353186607361,
            0.06495098024606705,
            0.8223039507865906,
            0.30392158031463623,
            0.08210784196853638,
            0.21200980246067047,
            0.0,
            0.0,
            0.0,
            0.0,
            0.0,
            0.0
        ],
        "total_pixels": 213909504,
        "total_images": 816,
        "num_classes": 19
    }
}