{
    "input_stats": {
        "image": {
            "band_names": [
                "r",
                "g",
                "b"
            ],
            "mean": [
                68.11795043945312,
                83.65770721435547,
                34.808712005615234
            ],
            "std": [
                46.89105224609375,
                50.348995208740234,
                29.826576232910156
            ],
            "var": [
                2198.770751953125,
                2535.021240234375,
                889.6246948242188
            ],
            "min": [
                0.0,
                0.0,
                0.0
            ],
            "max": [
                255.0,
                255.0,
                255.0
            ],
            "count": 816.0,
            "histograms": [
                [
                    1084664.0,
                    375304.0,
                    0.0,
                    474033.0,
                    0.0,
                    626452.0,
                    0.0,
                    834241.0,
                    0.0,
                    1090756.0,
                    0.0,
                    1354307.0,
                    0.0,
                    1587801.0,
                    0.0,
                    1760269.0,
                    0.0,
                    1871603.0,
                    0.0,
                    1942520.0,
                    0.0,
                    1980979.0,
                    0.0,
                    2010390.0,
                    0.0,
                    2028405.0,
                    0.0,
                    2046234.0,
                    0.0,
                    2068085.0,
                    0.0,
                    2091142.0,
                    0.0,
                    2116775.0,
                    0.0,
                    2135597.0,
                    0.0,
                    2156062.0,
                    0.0,
                    2174104.0,
                    0.0,
                    2189210.0,
                    0.0,
                    2198076.0,
                    0.0,
                    2202825.0,
                    0.0,
                    2213330.0,
                    0.0,
                    2210410.0,
                    2214381.0,
                    0.0,
                    2215084.0,
                    0.0,
                    2210690.0,
                    0.0,
                    2208687.0,
                    0.0,
                    2199934.0,
                    0.0,
                    2188795.0,
                    0.0,
                    2176566.0,
                    0.0,
                    2158927.0,
                    0.0,
                    2133754.0,
                    0.0,
                    2107719.0,
                    0.0,
                    2075641.0,
                    0.0,
                    2045136.0,
                    0.0,
                    2009281.0,
                    0.0,
                    1975379.0,
                    0.0,
                    1935742.0,
                    0.0,
                    1895452.0,
                    0.0,
                    1856246.0,
                    0.0,
                    1815155.0,
                    0.0,
                    1780058.0,
                    0.0,
                    1748565.0,
                    0.0,
                    1712634.0,
                    0.0,
                    1683208.0,
                    0.0,
                    1658081.0,
                    0.0,
                    1628843.0,
                    0.0,
                    1608959.0,
                    0.0,
                    1589787.0,
                    1569447.0,
                    0.0,
                    1554190.0,
                    0.0,
                    1536718.0,
                    0.0,
                    1525611.0,
                    0.0,
                    1511211.0,
                    0.0,
                    1500398.0,
                    0.0,
                    1489768.0,
                    0.0,
                    1478653.0,
                    0.0,
                    1468652.0,
                    0.0,
                    1459605.0,
                    0.0,
                    1451208.0,
                    0.0,
                    1443180.0,
                    0.0,
                    1433293.0,
                    0.0,
                    1424905.0,
                    0.0,
                    1420875.0,
                    0.0,
                    1413720.0,
                    0.0,
                    1404638.0,
                    0.0,
                    1398593.0,
                    0.0,
                    1390593.0,
                    0.0,
                    1384405.0,
                    0.0,
                    1376033.0,
                    0.0,
                    1368808.0,
                    0.0,
                    1360928.0,
                    0.0,
                    1353203.0,
                    0.0,
                    1346402.0,
                    1338439.0,
                    0.0,
                    1331445.0,
                    0.0,
                    1322983.0,
                    0.0,
                    1315591.0,
                    0.0,
                    1304935.0,
                    0.0,
                    1300014.0,
                    0.0,
                    1291517.0,
                    0.0,
                    1282248.0,
                    0.0,
                    1273096.0,
                    0.0,
                    1266163.0,
                    0.0,
                    1254814.0,
                    0.0,
                    1246866.0,
                    0.0,
                    1234281.0,
                    0.0,
                    1225898.0,
                    0.0,
                    1218100.0,
                    0.0,
                    1206571.0,
                    0.0,
                    1197942.0,
                    0.0,
                    1188798.0,
                    0.0,
                    1176333.0,
                    0.0,
                    1164969.0,
                    0.0,
                    1156574.0,
                    0.0,
                    1145813.0,
                    0.0,
                    1132586.0,
                    0.0,
                    1121132.0,
                    0.0,
                    1111711.0,
                    0.0,
                    1097333.0,
                    1088093.0,
                    0.0,
                    1074412.0,
                    0.0,
                    1064751.0,
                    0.0,
                    1051484.0,
                    0.0,
                    1039732.0,
                    0.0,
                    1027454.0,
                    0.0,
                    1014570.0,
                    0.0,
                    1001640.0,
                    0.0,
                    990806.0,
                    0.0,
                    976971.0,
                    0.0,
                    964176.0,
                    0.0,
                    948774.0,
                    0.0,
                    937183.0,
                    0.0,
                    923523.0,
                    0.0,
                    910740.0,
                    0.0,
                    897609.0,
                    0.0,
                    882434.0,
                    0.0,
                    868082.0,
                    0.0,
                    854703.0,
                    0.0,
                    841736.0,
                    0.0,
                    825715.0,
                    0.0,
                    813186.0,
                    0.0,
                    797534.0,
                    0.0,
                    782683.0,
                    0.0,
                    770850.0,
                    754971.0,
                    0.0,
                    740676.0,
                    0.0,
                    725755.0,
                    0.0,
                    710930.0,
                    0.0,
                    698637.0,
                    0.0,
                    683403.0,
                    0.0,
                    671146.0,
                    0.0,
                    656596.0,
                    0.0,
                    643721.0,
                    0.0,
                    627019.0,
                    0.0,
                    615721.0,
                    0.0,
                    602027.0,
                    0.0,
                    587633.0,
                    0.0,
                    574289.0,
                    0.0,
                    561330.0,
                    0.0,
                    546312.0,
                    0.0,
                    536301.0,
                    0.0,
                    521045.0,
                    0.0,
                    511002.0,
                    0.0,
                    499162.0,
                    0.0,
                    484628.0,
                    0.0,
                    473656.0,
                    0.0,
                    461084.0,
                    0.0,
                    448074.0,
                    0.0,
                    438097.0,
                    0.0,
                    425449.0,
                    414880.0,
                    0.0,
                    403469.0,
                    0.0,
                    391708.0,
                    0.0,
                    381251.0,
                    0.0,
                    371214.0,
                    0.0,
                    361676.0,
                    0.0,
                    351094.0,
                    0.0,
                    341058.0,
                    0.0,
                    330412.0,
                    0.0,
                    321722.0,
                    0.0,
                    312217.0,
                    0.0,
                    302622.0,
                    0.0,
                    294962.0,
                    0.0,
                    283844.0,
                    0.0,
                    276923.0,
                    0.0,
                    268347.0,
                    0.0,
                    259365.0,
                    0.0,
                    251539.0,
                    0.0,
                    243668.0,
                    0.0,
                    235998.0,
                    0.0,
                    228791.0,
                    0.0,
                    221165.0,
                    0.0,
                    214785.0,
                    0.0,
                    206753.0,
                    0.0,
                    200074.0,
                    193447.0,
                    0.0,
                    187091.0,
                    0.0,
                    178966.0,
                    0.0,
                    173399.0,
                    0.0,
                    167367.0,
                    0.0,
                    160368.0,
                    0.0,
                    154997.0,
                    0.0,
                    148580.0,
                    0.0,
                    142620.0,
                    0.0,
                    137052.0,
                    0.0,
                    132140.0,
                    0.0,
                    125857.0,
                    0.0,
                    120264.0,
                    0.0,
                    115161.0,
                    0.0,
                    109857.0,
                    0.0,
                    104968.0,
                    0.0,
                    99670.0,
                    0.0,
                    95204.0,
                    0.0,
                    90509.0,
                    0.0,
                    86145.0,
                    0.0,
                    81520.0,
                    0.0,
                    77181.0,
                    0.0,
                    72917.0,
                    0.0,
                    68996.0,
                    0.0,
                    65115.0,
                    0.0,
                    61235.0,
                    57953.0,
                    0.0,
                    54382.0,
                    0.0,
                    51444.0,
                    0.0,
                    48330.0,
                    0.0,
                    45576.0,
                    0.0,
                    42460.0,
                    0.0,
                    39992.0,
                    0.0,
                    37520.0,
                    0.0,
                    34978.0,
                    0.0,
                    32922.0,
                    0.0,
                    30892.0,
                    0.0,
                    28841.0,
                    0.0,
                    27056.0,
                    0.0,
                    25426.0,
                    0.0,
                    23807.0,
                    0.0,
                    21993.0,
                    0.0,
                    20672.0,
                    0.0,
                    19501.0,
                    0.0,
                    18501.0,
                    0.0,
                    17033.0,
                    0.0,
                    16051.0,
                    0.0,
                    15022.0,
                    0.0,
                    14037.0,
                    0.0,
                    13293.0,
                    0.0,
                    12464.0,
                    11744.0,
                    0.0,
                    11180.0,
                    0.0,
                    10514.0,
                    0.0,
                    10089.0,
                    0.0,
                    9631.0,
                    0.0,
                    9181.0,
                    0.0,
                    8506.0,
                    0.0,
                    8283.0,
                    0.0,
                    7897.0,
                    0.0,
                    7711.0,
                    0.0,
                    7612.0,
                    0.0,
                    7271.0,
                    0.0,
                    7018.0,
                    0.0,
                    6902.0,
                    0.0,
                    6809.0,
                    0.0,
                    6722.0,
                    0.0,
                    6673.0,
                    0.0,
                    6530.0,
                    0.0,
                    6603.0,
                    0.0,
                    6827.0,
                    0.0,
                    6771.0,
                    0.0,
                    6662.0,
                    0.0,
                    6570.0,
                    0.0,
                    6219.0,
                    0.0,
                    6082.0,
                    168216.0
                ],
                [
                    457596.0,
                    137306.0,
                    0.0,
                    163268.0,
                    0.0,
                    204261.0,
                    0.0,
                    264507.0,
                    0.0,
                    345791.0,
                    0.0,
                    453491.0,
                    0.0,
                    587901.0,
                    0.0,
                    738119.0,
                    0.0,
                    897062.0,
                    0.0,
                    1051773.0,
                    0.0,
                    1192135.0,
                    0.0,
                    1306632.0,
                    0.0,
                    1377959.0,
                    0.0,
                    1416567.0,
                    0.0,
                    1442743.0,
                    0.0,
                    1461614.0,
                    0.0,
                    1481687.0,
                    0.0,
                    1506112.0,
                    0.0,
                    1529444.0,
                    0.0,
                    1551879.0,
                    0.0,
                    1573790.0,
                    0.0,
                    1594534.0,
                    0.0,
                    1613375.0,
                    0.0,
                    1631188.0,
                    0.0,
                    1644806.0,
                    1651897.0,
                    0.0,
                    1657187.0,
                    0.0,
                    1657022.0,
                    0.0,
                    1654262.0,
                    0.0,
                    1645124.0,
                    0.0,
                    1641966.0,
                    0.0,
                    1636056.0,
                    0.0,
                    1628574.0,
                    0.0,
                    1626071.0,
                    0.0,
                    1622307.0,
                    0.0,
                    1621775.0,
                    0.0,
                    1622905.0,
                    0.0,
                    1623169.0,
                    0.0,
                    1627524.0,
                    0.0,
                    1625296.0,
                    0.0,
                    1625086.0,
                    0.0,
                    1625433.0,
                    0.0,
                    1622308.0,
                    0.0,
                    1621296.0,
                    0.0,
                    1615586.0,
                    0.0,
                    1611381.0,
                    0.0,
                    1608168.0,
                    0.0,
                    1601173.0,
                    0.0,
                    1585139.0,
                    0.0,
                    1572211.0,
                    0.0,
                    1560365.0,
                    1545987.0,
                    0.0,
                    1533904.0,
                    0.0,
                    1515938.0,
                    0.0,
                    1499894.0,
                    0.0,
                    1482637.0,
                    0.0,
                    1469701.0,
                    0.0,
                    1454663.0,
                    0.0,
                    1440333.0,
                    0.0,
                    1425017.0,
                    0.0,
                    1414931.0,
                    0.0,
                    1403637.0,
                    0.0,
                    1389331.0,
                    0.0,
                    1381358.0,
                    0.0,
                    1374016.0,
                    0.0,
                    1365447.0,
                    0.0,
                    1360135.0,
                    0.0,
                    1351911.0,
                    0.0,
                    1346326.0,
                    0.0,
                    1342813.0,
                    0.0,
                    1337646.0,
                    0.0,
                    1335602.0,
                    0.0,
                    1333816.0,
                    0.0,
                    1328560.0,
                    0.0,
                    1328604.0,
                    0.0,
                    1326097.0,
                    1325541.0,
                    0.0,
                    1323340.0,
                    0.0,
                    1320752.0,
                    0.0,
                    1323101.0,
                    0.0,
                    1322291.0,
                    0.0,
                    1324473.0,
                    0.0,
                    1323508.0,
                    0.0,
                    1322587.0,
                    0.0,
                    1323888.0,
                    0.0,
                    1323730.0,
                    0.0,
                    1323242.0,
                    0.0,
                    1322116.0,
                    0.0,
                    1323872.0,
                    0.0,
                    1322093.0,
                    0.0,
                    1322917.0,
                    0.0,
                    1322007.0,
                    0.0,
                    1318426.0,
                    0.0,
                    1316913.0,
                    0.0,
                    1314690.0,
                    0.0,
                    1311212.0,
                    0.0,
                    1311963.0,
                    0.0,
                    1306027.0,
                    0.0,
                    1303580.0,
                    0.0,
                    1299201.0,
                    0.0,
                    1294112.0,
                    0.0,
                    1289459.0,
                    1286268.0,
                    0.0,
                    1279940.0,
                    0.0,
                    1275189.0,
                    0.0,
                    1267183.0,
                    0.0,
                    1258822.0,
                    0.0,
                    1253505.0,
                    0.0,
                    1243878.0,
                    0.0,
                    1238247.0,
                    0.0,
                    1229435.0,
                    0.0,
                    1220233.0,
                    0.0,
                    1212518.0,
                    0.0,
                    1204560.0,
                    0.0,
                    1193667.0,
                    0.0,
                    1184798.0,
                    0.0,
                    1177122.0,
                    0.0,
                    1164155.0,
                    0.0,
                    1157252.0,
                    0.0,
                    1149434.0,
                    0.0,
                    1136557.0,
                    0.0,
                    1128995.0,
                    0.0,
                    1115982.0,
                    0.0,
                    1104927.0,
                    0.0,
                    1094021.0,
                    0.0,
                    1082711.0,
                    0.0,
                    1070723.0,
                    1061431.0,
                    0.0,
                    1046904.0,
                    0.0,
                    1034605.0,
                    0.0,
                    1025067.0,
                    0.0,
                    1010463.0,
                    0.0,
                    998891.0,
                    0.0,
                    986475.0,
                    0.0,
                    971859.0,
                    0.0,
                    958269.0,
                    0.0,
                    944987.0,
                    0.0,
                    932141.0,
                    0.0,
                    917594.0,
                    0.0,
                    902760.0,
                    0.0,
                    888570.0,
                    0.0,
                    872356.0,
                    0.0,
                    859800.0,
                    0.0,
                    844860.0,
                    0.0,
                    828980.0,
                    0.0,
                    813740.0,
                    0.0,
                    797204.0,
                    0.0,
                    782743.0,
                    0.0,
                    768331.0,
                    0.0,
                    751647.0,
                    0.0,
                    739138.0,
                    0.0,
                    724429.0,
                    0.0,
                    709149.0,
                    692808.0,
                    0.0,
                    678907.0,
                    0.0,
                    664056.0,
                    0.0,
                    648697.0,
                    0.0,
                    634678.0,
                    0.0,
                    622026.0,
                    0.0,
                    606603.0,
                    0.0,
                    593239.0,
                    0.0,
                    577325.0,
                    0.0,
                    563784.0,
                    0.0,
                    548477.0,
                    0.0,
                    537586.0,
                    0.0,
                    522262.0,
                    0.0,
                    509162.0,
                    0.0,
                    494950.0,
                    0.0,
                    482425.0,
                    0.0,
                    469718.0,
                    0.0,
                    456298.0,
                    0.0,
                    445126.0,
                    0.0,
                    432779.0,
                    0.0,
                    420053.0,
                    0.0,
                    407156.0,
                    0.0,
                    395036.0,
                    0.0,
                    383852.0,
                    0.0,
                    371613.0,
                    360877.0,
                    0.0,
                    348193.0,
                    0.0,
                    339045.0,
                    0.0,
                    328408.0,
                    0.0,
                    318387.0,
                    0.0,
                    307912.0,
                    0.0,
                    297320.0,
                    0.0,
                    288482.0,
                    0.0,
                    277701.0,
                    0.0,
                    268302.0,
                    0.0,
                    258868.0,
                    0.0,
                    250867.0,
                    0.0,
                    241456.0,
                    0.0,
                    234128.0,
                    0.0,
                    224713.0,
                    0.0,
                    217629.0,
                    0.0,
                    208703.0,
                    0.0,
                    200500.0,
                    0.0,
                    193144.0,
                    0.0,
                    184638.0,
                    0.0,
                    178598.0,
                    0.0,
                    170956.0,
                    0.0,
                    163709.0,
                    0.0,
                    156260.0,
                    0.0,
                    150255.0,
                    0.0,
                    142509.0,
                    136603.0,
                    0.0,
                    130295.0,
                    0.0,
                    123623.0,
                    0.0,
                    118011.0,
                    0.0,
                    111725.0,
                    0.0,
                    106604.0,
                    0.0,
                    100526.0,
                    0.0,
                    95186.0,
                    0.0,
                    89845.0,
                    0.0,
                    84711.0,
                    0.0,
                    79722.0,
                    0.0,
                    74951.0,
                    0.0,
                    70464.0,
                    0.0,
                    65682.0,
                    0.0,
                    61504.0,
                    0.0,
                    57376.0,
                    0.0,
                    53715.0,
                    0.0,
                    49823.0,
                    0.0,
                    46458.0,
                    0.0,
                    43290.0,
                    0.0,
                    39619.0,
                    0.0,
                    37453.0,
                    0.0,
                    34255.0,
                    0.0,
                    31677.0,
                    0.0,
                    29548.0,
                    27041.0,
                    0.0,
                    25069.0,
                    0.0,
                    23258.0,
                    0.0,
                    21739.0,
                    0.0,
                    20022.0,
                    0.0,
                    18404.0,
                    0.0,
                    17233.0,
                    0.0,
                    15859.0,
                    0.0,
                    15144.0,
                    0.0,
                    13833.0,
                    0.0,
                    12991.0,
                    0.0,
                    12349.0,
                    0.0,
                    11622.0,
                    0.0,
                    10870.0,
                    0.0,
                    10329.0,
                    0.0,
                    9897.0,
                    0.0,
                    9654.0,
                    0.0,
                    9349.0,
                    0.0,
                    9180.0,
                    0.0,
                    9110.0,
                    0.0,
                    9059.0,
                    0.0,
                    9195.0,
                    0.0,
                    9186.0,
                    0.0,
                    8908.0,
                    0.0,
                    8778.0,
                    177902.0
                ],
                [
                    3644452.0,
                    1531637.0,
                    0.0,
                    1869628.0,
                    0.0,
                    2273843.0,
                    0.0,
                    2735222.0,
                    0.0,
                    3224500.0,
                    0.0,
                    3693154.0,
                    0.0,
                    4078645.0,
                    0.0,
                    4353293.0,
                    0.0,
                    4520347.0,
                    0.0,
                    4633619.0,
                    0.0,
                    4710196.0,
                    0.0,
                    4775496.0,
                    0.0,
                    4818841.0,
                    0.0,
                    4831903.0,
                    0.0,
                    4832371.0,
                    0.0,
                    4807390.0,
                    0.0,
                    4754995.0,
                    0.0,
                    4686623.0,
                    0.0,
                    4604022.0,
                    0.0,
                    4500228.0,
                    0.0,
                    4391338.0,
                    0.0,
                    4267908.0,
                    0.0,
                    4138041.0,
                    0.0,
                    4002623.0,
                    0.0,
                    3860870.0,
                    3710093.0,
                    0.0,
                    3569777.0,
                    0.0,
                    3428011.0,
                    0.0,
                    3295684.0,
                    0.0,
                    3164297.0,
                    0.0,
                    3033979.0,
                    0.0,
                    2919736.0,
                    0.0,
                    2803007.0,
                    0.0,
                    2699117.0,
                    0.0,
                    2603147.0,
                    0.0,
                    2506496.0,
                    0.0,
                    2423711.0,
                    0.0,
                    2337867.0,
                    0.0,
                    2260660.0,
                    0.0,
                    2183945.0,
                    0.0,
                    2111941.0,
                    0.0,
                    2045515.0,
                    0.0,
                    1980792.0,
                    0.0,
                    1920924.0,
                    0.0,
                    1863617.0,
                    0.0,
                    1806628.0,
                    0.0,
                    1754392.0,
                    0.0,
                    1699339.0,
                    0.0,
                    1648953.0,
                    0.0,
                    1599084.0,
                    0.0,
                    1550767.0,
                    1503111.0,
                    0.0,
                    1461879.0,
                    0.0,
                    1416930.0,
                    0.0,
                    1373710.0,
                    0.0,
                    1332033.0,
                    0.0,
                    1293239.0,
                    0.0,
                    1252968.0,
                    0.0,
                    1214401.0,
                    0.0,
                    1175741.0,
                    0.0,
                    1140398.0,
                    0.0,
                    1107044.0,
                    0.0,
                    1072342.0,
                    0.0,
                    1038510.0,
                    0.0,
                    1004408.0,
                    0.0,
                    973828.0,
                    0.0,
                    945224.0,
                    0.0,
                    914984.0,
                    0.0,
                    886110.0,
                    0.0,
                    858264.0,
                    0.0,
                    830138.0,
                    0.0,
                    805754.0,
                    0.0,
                    780261.0,
                    0.0,
                    755951.0,
                    0.0,
                    732849.0,
                    0.0,
                    707297.0,
                    683634.0,
                    0.0,
                    663775.0,
                    0.0,
                    642896.0,
                    0.0,
                    622881.0,
                    0.0,
                    601500.0,
                    0.0,
                    582686.0,
                    0.0,
                    562512.0,
                    0.0,
                    546028.0,
                    0.0,
                    528513.0,
                    0.0,
                    510935.0,
                    0.0,
                    493390.0,
                    0.0,
                    478650.0,
                    0.0,
                    463833.0,
                    0.0,
                    447160.0,
                    0.0,
                    433266.0,
                    0.0,
                    419019.0,
                    0.0,
                    405564.0,
                    0.0,
                    392470.0,
                    0.0,
                    379464.0,
                    0.0,
                    366370.0,
                    0.0,
                    354844.0,
                    0.0,
                    341753.0,
                    0.0,
                    330264.0,
                    0.0,
                    319968.0,
                    0.0,
                    309077.0,
                    0.0,
                    298604.0,
                    288549.0,
                    0.0,
                    278092.0,
                    0.0,
                    268766.0,
                    0.0,
                    259888.0,
                    0.0,
                    251050.0,
                    0.0,
                    242045.0,
                    0.0,
                    232774.0,
                    0.0,
                    225398.0,
                    0.0,
                    216899.0,
                    0.0,
                    208816.0,
                    0.0,
                    201211.0,
                    0.0,
                    193550.0,
                    0.0,
                    186991.0,
                    0.0,
                    180072.0,
                    0.0,
                    172924.0,
                    0.0,
                    166848.0,
                    0.0,
                    159623.0,
                    0.0,
                    153649.0,
                    0.0,
                    148151.0,
                    0.0,
                    142242.0,
                    0.0,
                    137236.0,
                    0.0,
                    132207.0,
                    0.0,
                    126239.0,
                    0.0,
                    121006.0,
                    0.0,
                    115792.0,
                    111518.0,
                    0.0,
                    107244.0,
                    0.0,
                    102238.0,
                    0.0,
                    98226.0,
                    0.0,
                    94248.0,
                    0.0,
                    90274.0,
                    0.0,
                    86283.0,
                    0.0,
                    82630.0,
                    0.0,
                    79525.0,
                    0.0,
                    75707.0,
                    0.0,
                    72286.0,
                    0.0,
                    69129.0,
                    0.0,
                    66208.0,
                    0.0,
                    63265.0,
                    0.0,
                    60636.0,
                    0.0,
                    57587.0,
                    0.0,
                    55046.0,
                    0.0,
                    52882.0,
                    0.0,
                    50448.0,
                    0.0,
                    47615.0,
                    0.0,
                    46110.0,
                    0.0,
                    43698.0,
                    0.0,
                    41419.0,
                    0.0,
                    39885.0,
                    0.0,
                    37687.0,
                    0.0,
                    36167.0,
                    34637.0,
                    0.0,
                    33015.0,
                    0.0,
                    31839.0,
                    0.0,
                    30223.0,
                    0.0,
                    28745.0,
                    0.0,
                    27681.0,
                    0.0,
                    26178.0,
                    0.0,
                    24987.0,
                    0.0,
                    23905.0,
                    0.0,
                    22813.0,
                    0.0,
                    22136.0,
                    0.0,
                    21045.0,
                    0.0,
                    19983.0,
                    0.0,
                    19379.0,
                    0.0,
                    18355.0,
                    0.0,
                    17630.0,
                    0.0,
                    16929.0,
                    0.0,
                    16167.0,
                    0.0,
                    15571.0,
                    0.0,
                    14625.0,
                    0.0,
                    14270.0,
                    0.0,
                    13727.0,
                    0.0,
                    13275.0,
                    0.0,
                    12527.0,
                    0.0,
                    12173.0,
                    11483.0,
                    0.0,
                    11434.0,
                    0.0,
                    10913.0,
                    0.0,
                    10471.0,
                    0.0,
                    9964.0,
                    0.0,
                    9613.0,
                    0.0,
                    9525.0,
                    0.0,
                    9368.0,
                    0.0,
                    8871.0,
                    0.0,
                    8784.0,
                    0.0,
                    8177.0,
                    0.0,
                    7993.0,
                    0.0,
                    7839.0,
                    0.0,
                    7596.0,
                    0.0,
                    7236.0,
                    0.0,
                    7080.0,
                    0.0,
                    6930.0,
                    0.0,
                    6800.0,
                    0.0,
                    6610.0,
                    0.0,
                    6342.0,
                    0.0,
                    6215.0,
                    0.0,
                    6034.0,
                    0.0,
                    5937.0,
                    0.0,
                    5875.0,
                    0.0,
                    5676.0,
                    0.0,
                    5725.0,
                    5443.0,
                    0.0,
                    5331.0,
                    0.0,
                    5241.0,
                    0.0,
                    5164.0,
                    0.0,
                    5040.0,
                    0.0,
                    5107.0,
                    0.0,
                    4914.0,
                    0.0,
                    4804.0,
                    0.0,
                    4763.0,
                    0.0,
                    4661.0,
                    0.0,
                    4458.0,
                    0.0,
                    4457.0,
                    0.0,
                    4550.0,
                    0.0,
                    4387.0,
                    0.0,
                    4402.0,
                    0.0,
                    4417.0,
                    0.0,
                    4142.0,
                    0.0,
                    4112.0,
                    0.0,
                    4119.0,
                    0.0,
                    4142.0,
                    0.0,
                    4121.0,
                    0.0,
                    4052.0,
                    0.0,
                    4075.0,
                    0.0,
                    4099.0,
                    0.0,
                    4138.0,
                    4048.0,
                    0.0,
                    3949.0,
                    0.0,
                    3996.0,
                    0.0,
                    3971.0,
                    0.0,
                    3994.0,
                    0.0,
                    4076.0,
                    0.0,
                    4030.0,
                    0.0,
                    4013.0,
                    0.0,
                    4096.0,
                    0.0,
                    4094.0,
                    0.0,
                    4150.0,
                    0.0,
                    4154.0,
                    0.0,
                    4240.0,
                    0.0,
                    4159.0,
                    0.0,
                    4215.0,
                    0.0,
                    4225.0,
                    0.0,
                    4226.0,
                    0.0,
                    4298.0,
                    0.0,
                    4241.0,
                    0.0,
                    4397.0,
                    0.0,
                    4199.0,
                    0.0,
                    4042.0,
                    0.0,
                    3774.0,
                    0.0,
                    3278.0,
                    0.0,
                    2976.0,
                    157145.0
                ]
            ],
            "histogram_bins": [
                0.0,
                0.5099999904632568,
                1.0199999809265137,
                1.5299999713897705,
                2.0399999618530273,
                2.549999952316284,
                3.059999942779541,
                3.569999933242798,
                4.079999923706055,
                4.590000152587891,
                5.099999904632568,
                5.609999656677246,
                6.119999885559082,
                6.630000114440918,
                7.139999866485596,
                7.649999618530273,
                8.15999984741211,
                8.670000076293945,
                9.180000305175781,
                9.6899995803833,
                10.199999809265137,
                10.710000038146973,
                11.219999313354492,
                11.729999542236328,
                12.239999771118164,
                12.75,
                13.260000228881836,
                13.769999504089355,
                14.279999732971191,
                14.789999961853027,
                15.299999237060547,
                15.809999465942383,
                16.31999969482422,
                16.829999923706055,
                17.34000015258789,
                17.850000381469727,
                18.360000610351562,
                18.869998931884766,
                19.3799991607666,
                19.889999389648438,
                20.399999618530273,
                20.90999984741211,
                21.420000076293945,
                21.93000030517578,
                22.439998626708984,
                22.94999885559082,
                23.459999084472656,
                23.969999313354492,
                24.479999542236328,
                24.989999771118164,
                25.5,
                26.010000228881836,
                26.520000457763672,
                27.029998779296875,
                27.53999900817871,
                28.049999237060547,
                28.559999465942383,
                29.06999969482422,
                29.579999923706055,
                30.09000015258789,
                30.599998474121094,
                31.10999870300293,
                31.619998931884766,
                32.130001068115234,
                32.63999938964844,
                33.14999771118164,
                33.65999984741211,
                34.16999816894531,
                34.68000030517578,
                35.189998626708984,
                35.70000076293945,
                36.209999084472656,
                36.720001220703125,
                37.22999954223633,
                37.73999786376953,
                38.25,
                38.7599983215332,
                39.27000045776367,
                39.779998779296875,
                40.290000915527344,
                40.79999923706055,
                41.30999755859375,
                41.81999969482422,
                42.32999801635742,
                42.84000015258789,
                43.349998474121094,
                43.86000061035156,
                44.369998931884766,
                44.87999725341797,
                45.38999938964844,
                45.89999771118164,
                46.40999984741211,
                46.91999816894531,
                47.43000030517578,
                47.939998626708984,
                48.45000076293945,
                48.959999084472656,
                49.46999740600586,
                49.97999954223633,
                50.48999786376953,
                51.0,
                51.5099983215332,
                52.02000045776367,
                52.529998779296875,
                53.040000915527344,
                53.54999923706055,
                54.05999755859375,
                54.56999969482422,
                55.07999801635742,
                55.59000015258789,
                56.099998474121094,
                56.61000061035156,
                57.119998931884766,
                57.62999725341797,
                58.13999938964844,
                58.64999771118164,
                59.15999984741211,
                59.66999816894531,
                60.18000030517578,
                60.689998626708984,
                61.19999694824219,
                61.709999084472656,
                62.21999740600586,
                62.72999954223633,
                63.23999786376953,
                63.75,
                64.26000213623047,
                64.7699966430664,
                65.27999877929688,
                65.79000091552734,
                66.29999542236328,
                66.80999755859375,
                67.31999969482422,
                67.83000183105469,
                68.33999633789062,
                68.8499984741211,
                69.36000061035156,
                69.8699951171875,
                70.37999725341797,
                70.88999938964844,
                71.4000015258789,
                71.90999603271484,
                72.41999816894531,
                72.93000030517578,
                73.44000244140625,
                73.94999694824219,
                74.45999908447266,
                74.97000122070312,
                75.47999572753906,
                75.98999786376953,
                76.5,
                77.01000213623047,
                77.5199966430664,
                78.02999877929688,
                78.54000091552734,
                79.04999542236328,
                79.55999755859375,
                80.06999969482422,
                80.58000183105469,
                81.08999633789062,
                81.5999984741211,
                82.11000061035156,
                82.6199951171875,
                83.12999725341797,
                83.63999938964844,
                84.1500015258789,
                84.65999603271484,
                85.16999816894531,
                85.68000030517578,
                86.18999481201172,
                86.69999694824219,
                87.20999908447266,
                87.72000122070312,
                88.22999572753906,
                88.73999786376953,
                89.25,
                89.75999450683594,
                90.2699966430664,
                90.77999877929688,
                91.29000091552734,
                91.79999542236328,
                92.30999755859375,
                92.81999969482422,
                93.33000183105469,
                93.83999633789062,
                94.3499984741211,
                94.86000061035156,
                95.3699951171875,
                95.87999725341797,
                96.38999938964844,
                96.9000015258789,
                97.40999603271484,
                97.91999816894531,
                98.43000030517578,
                98.93999481201172,
                99.44999694824219,
                99.95999908447266,
                100.47000122070312,
                100.97999572753906,
                101.48999786376953,
                102.0,
                102.50999450683594,
                103.0199966430664,
                103.52999877929688,
                104.04000091552734,
                104.54999542236328,
                105.05999755859375,
                105.56999969482422,
                106.08000183105469,
                106.58999633789062,
                107.0999984741211,
                107.61000061035156,
                108.1199951171875,
                108.62999725341797,
                109.13999938964844,
                109.6500015258789,
                110.15999603271484,
                110.66999816894531,
                111.18000030517578,
                111.68999481201172,
                112.19999694824219,
                112.70999908447266,
                113.22000122070312,
                113.72999572753906,
                114.23999786376953,
                114.75,
                115.25999450683594,
                115.7699966430664,
                116.27999877929688,
                116.79000091552734,
                117.29999542236328,
                117.80999755859375,
                118.31999969482422,
                118.82999420166016,
                119.33999633789062,
                119.8499984741211,
                120.36000061035156,
                120.8699951171875,
                121.37999725341797,
                121.88999938964844,
                122.39999389648438,
                122.90999603271484,
                123.41999816894531,
                123.93000030517578,
                124.43999481201172,
                124.94999694824219,
                125.45999908447266,
                125.97000122070312,
                126.47999572753906,
                126.98999786376953,
                127.5,
                128.010009765625,
                128.52000427246094,
                129.02999877929688,
                129.54000854492188,
                130.0500030517578,
                130.55999755859375,
                131.07000732421875,
                131.5800018310547,
                132.08999633789062,
                132.60000610351562,
                133.11000061035156,
                133.6199951171875,
                134.1300048828125,
                134.63999938964844,
                135.15000915527344,
                135.66000366210938,
                136.1699981689453,
                136.6800079345703,
                137.19000244140625,
                137.6999969482422,
                138.2100067138672,
                138.72000122070312,
                139.22999572753906,
                139.74000549316406,
                140.25,
                140.760009765625,
                141.27000427246094,
                141.77999877929688,
                142.29000854492188,
                142.8000030517578,
                143.30999755859375,
                143.82000732421875,
                144.3300018310547,
                144.83999633789062,
                145.35000610351562,
                145.86000061035156,
                146.3699951171875,
                146.8800048828125,
                147.38999938964844,
                147.90000915527344,
                148.41000366210938,
                148.9199981689453,
                149.4300079345703,
                149.94000244140625,
                150.4499969482422,
                150.9600067138672,
                151.47000122070312,
                151.97999572753906,
                152.49000549316406,
                153.0,
                153.50999450683594,
                154.02000427246094,
                154.52999877929688,
                155.04000854492188,
                155.5500030517578,
                156.05999755859375,
                156.57000732421875,
                157.0800018310547,
                157.58999633789062,
                158.10000610351562,
                158.61000061035156,
                159.1199951171875,
                159.6300048828125,
                160.13999938964844,
                160.65000915527344,
                161.16000366210938,
                161.6699981689453,
                162.1800079345703,
                162.69000244140625,
                163.1999969482422,
                163.7100067138672,
                164.22000122070312,
                164.72999572753906,
                165.24000549316406,
                165.75,
                166.25999450683594,
                166.77000427246094,
                167.27999877929688,
                167.79000854492188,
                168.3000030517578,
                168.80999755859375,
                169.32000732421875,
                169.8300018310547,
                170.33999633789062,
                170.85000610351562,
                171.36000061035156,
                171.8699951171875,
                172.3800048828125,
                172.88999938964844,
                173.39999389648438,
                173.91000366210938,
                174.4199981689453,
                174.9300079345703,
                175.44000244140625,
                175.9499969482422,
                176.4600067138672,
                176.97000122070312,
                177.47999572753906,
                177.99000549316406,
                178.5,
                179.00999450683594,
                179.52000427246094,
                180.02999877929688,
                180.54000854492188,
                181.0500030517578,
                181.55999755859375,
                182.07000732421875,
                182.5800018310547,
                183.08999633789062,
                183.60000610351562,
                184.11000061035156,
                184.6199951171875,
                185.1300048828125,
                185.63999938964844,
                186.14999389648438,
                186.66000366210938,
                187.1699981689453,
                187.6800079345703,
                188.19000244140625,
                188.6999969482422,
                189.2100067138672,
                189.72000122070312,
                190.22999572753906,
                190.74000549316406,
                191.25,
                191.75999450683594,
                192.27000427246094,
                192.77999877929688,
                193.29000854492188,
                193.8000030517578,
                194.30999755859375,
                194.82000732421875,
                195.3300018310547,
                195.83999633789062,
                196.35000610351562,
                196.86000061035156,
                197.3699951171875,
                197.8800048828125,
                198.38999938964844,
                198.89999389648438,
                199.41000366210938,
                199.9199981689453,
                200.4300079345703,
                200.94000244140625,
                201.4499969482422,
                201.9600067138672,
                202.47000122070312,
                202.97999572753906,
                203.49000549316406,
                204.0,
                204.50999450683594,
                205.02000427246094,
                205.52999877929688,
                206.04000854492188,
                206.5500030517578,
                207.05999755859375,
                207.57000732421875,
                208.0800018310547,
                208.58999633789062,
                209.10000610351562,
                209.61000061035156,
                210.1199951171875,
                210.6300048828125,
                211.13999938964844,
                211.64999389648438,
                212.16000366210938,
                212.6699981689453,
                213.1800079345703,
                213.69000244140625,
                214.1999969482422,
                214.7100067138672,
                215.22000122070312,
                215.72999572753906,
                216.24000549316406,
                216.75,
                217.25999450683594,
                217.77000427246094,
                218.27999877929688,
                218.7899932861328,
                219.3000030517578,
                219.80999755859375,
                220.32000732421875,
                220.8300018310547,
                221.33999633789062,
                221.85000610351562,
                222.36000061035156,
                222.8699951171875,
                223.3800048828125,
                223.88999938964844,
                224.39999389648438,
                224.91000366210938,
                225.4199981689453,
                225.9300079345703,
                226.44000244140625,
                226.9499969482422,
                227.4600067138672,
                227.97000122070312,
                228.47999572753906,
                228.99000549316406,
                229.5,
                230.00999450683594,
                230.52000427246094,
                231.02999877929688,
                231.5399932861328,
                232.0500030517578,
                232.55999755859375,
                233.07000732421875,
                233.5800018310547,
                234.08999633789062,
                234.60000610351562,
                235.11000061035156,
                235.6199951171875,
                236.1300048828125,
                236.63999938964844,
                237.14999389648438,
                237.66000366210938,
                238.1699981689453,
                238.67999267578125,
                239.19000244140625,
                239.6999969482422,
                240.2100067138672,
                240.72000122070312,
                241.22999572753906,
                241.74000549316406,
                242.25,
                242.75999450683594,
                243.27000427246094,
                243.77999877929688,
                244.2899932861328,
                244.8000030517578,
                245.30999755859375,
                245.82000732421875,
                246.3300018310547,
                246.83999633789062,
                247.35000610351562,
                247.86000061035156,
                248.3699951171875,
                248.8800048828125,
                249.38999938964844,
                249.89999389648438,
                250.41000366210938,
                250.9199981689453,
                251.42999267578125,
                251.94000244140625,
                252.4499969482422,
                252.9600067138672,
                253.47000122070312,
                253.97999572753906,
                254.49000549316406,
                255.0
            ],
            "pct_02": null,
            "pct_98": null
        }
    },
    "target_stats": {
        "class_counts": [
            5168.0,
            2400.0,
            127.0,
            225.0,
            237.0,
            417.0,
            2.0,
            15.0
        ],
        "total_boxes": 8591,
        "total_samples": 0,
        "num_classes": 8,
        "box_area": [
            165.11300659179688,
            290.53125,
            290.03936767578125,
            159.55555725097656,
            285.1476745605469,
            288.2254333496094,
            340.5,
            190.3333282470703
        ],
        "box_width": [
            12.806888580322266,
            17.059999465942383,
            16.818897247314453,
            12.60444450378418,
            16.797468185424805,
            17.00719451904297,
            18.0,
            13.333333015441895
        ],
        "box_height": [
            12.781153678894043,
            16.986249923706055,
            17.173229217529297,
            12.564444541931152,
            16.94936752319336,
            16.9256591796875,
            18.5,
            14.066666603088379
        ],
        "box_aspect_ratio": [
            1.0105915069580078,
            1.0169938802719116,
            1.0006210803985596,
            1.0120694637298584,
            0.9919679164886475,
            1.0250686407089233,
            0.96875,
            0.9721574783325195
        ],
        "class_frequencies": [
            5168.0,
            2400.0,
            127.0,
            225.0,
            237.0,
            417.0,
            2.0,
            15.0
        ]
    }
}